"","SpeciesSSet","Freq","1970","1971","1972","1973","1974","1975","1976","1977","1978","1979","1980","1981","1982","1983","1984","1985","1986","1987","1988","1989","1990","1991","1992","1993","1994","1995","1996","1997","1998","1999","2000","2001","2002","2003","2004","2005","2006","2007","2008","2009","2010","2011","2012","2013","2014","2015","2016","2017"
"Abramis_ballerus","Abramis_ballerus",2,1,NA,NA,NA,NA,NA,NA,NA,NA,NA,NA,NA,NA,NA,NA,NA,NA,NA,NA,NA,NA,NA,NA,NA,NA,NA,-0.0859831022211338,-0.0859831022211339,-0.0859831022211338,-0.0859831022211339,-0.0859831022211339,NA,NA,NA,NA,NA,NA,NA,NA,NA,NA,NA,NA,NA,NA,NA,NA,NA
"Abramis_brama","Abramis_brama",30,1,NA,NA,NA,NA,NA,NA,0.0617176259610003,0.0721043757780691,0.0858652614540973,0.0922120055668387,0.0850513105793311,0.0653694890366767,0.0377949443485788,0.00808930436849709,-0.0167223622781256,-0.0301174523707159,NA,NA,NA,NA,NA,0,0,0,-0.5,0.310420538193522,0.0761182456583862,0.22327268913478,0.199221546131045,0.199221546131045,0.231043749010747,0.231043749010747,0.231043749010747,0.143889186704966,0.143889186704966,0.143889186704966,0.143889186704966,0.143889186704966,0.143889186704966,NA,NA,0.262670232060105,0.759725143362308,-0.373355869723079,NA,NA,NA
"Acipenser_gueldenstaedtii","Acipenser_gueldenstaedtii",26,1,-0.00898668550595061,-0.00898668550595039,-0.00616030870481832,0.0357155522665344,-0.0247645544070807,-0.0247645544070807,-0.0247645544070805,-0.0247645544070807,-0.0226738915924936,-0.0226738915924938,-0.0226738915924938,-0.0226738915924938,-0.0226738915924938,-0.0107683664320815,-0.0107683664320817,-0.0107683664320817,-0.0107683664320815,0.00511542406334997,-0.0165009664498015,-0.0165009664498015,-0.0165009664498015,-0.0848630382489561,-0.0848630382489559,-0.0848630382489559,0.00884799377221035,0.00884799377221035,0.00884799377221035,0.00884799377221035,0.103655015430825,-0.0389965125548444,-0.342902895873191,0.173151326991941,-0.285114822553255,0.381551844113412,0.0925710300115667,-1,NA,NA,NA,NA,NA,NA,NA,NA,NA,NA,NA
"Acipenser_nudiventris","Acipenser_nudiventris",9,1,NA,NA,NA,NA,NA,NA,NA,NA,NA,NA,NA,NA,NA,NA,NA,NA,NA,NA,NA,NA,NA,-0.156685110192361,-0.137004985792928,-0.100420824862508,-0.0576366319905168,-0.0202583725083141,0.00872699175023373,0.027243811306926,0.0365117926281049,0.0398273870877488,NA,NA,NA,NA,NA,NA,NA,NA,NA,NA,NA,NA,NA,NA,NA,NA,NA
"Acipenser_persicus","Acipenser_persicus",2,1,NA,NA,NA,NA,NA,NA,NA,NA,NA,NA,NA,NA,NA,NA,NA,NA,NA,NA,NA,NA,NA,NA,NA,NA,NA,NA,NA,NA,NA,NA,NA,-0.0680399942186416,-0.0680399942186416,-0.0680399942186416,NA,NA,NA,NA,NA,NA,NA,NA,NA,NA,NA,NA,NA
"Acipenser_ruthenus","Acipenser_ruthenus",7,1,NA,NA,NA,NA,NA,NA,NA,NA,NA,NA,NA,NA,NA,NA,NA,NA,NA,NA,NA,NA,NA,NA,NA,NA,NA,NA,NA,NA,NA,NA,-1,0.731098940612648,0.131224215130065,0.107742719121371,0.763183354392791,-1,NA,NA,NA,NA,NA,NA,NA,NA,NA,NA,NA
"Acipenser_schrenckii","Acipenser_schrenckii",3,1,NA,NA,NA,NA,NA,-0.00481857688544851,-0.00481857688544851,-0.00481857688544807,-0.00481857688544851,-0.00481857688544851,-0.00481857688544807,-0.00481857688544851,-0.00481857688544851,-0.00481857688544807,-0.00481857688544851,-0.00481857688544851,-0.00481857688544807,-0.00481857688544851,-0.00481857688544851,-0.00481857688544829,-0.00481857688544851,-0.00481857688544829,-0.00481857688544829,-0.0320179480281837,-0.0320179480281835,-0.0320179480281835,-0.0320179480281835,-0.0320179480281837,-0.0320179480281835,-0.0320179480281835,-0.0320179480281837,-0.0320179480281835,-0.0320179480281835,-0.0320179480281837,-0.0320179480281835,-0.0320179480281835,-0.0320179480281837,-0.0320179480281835,-0.0320179480281835,-0.0320179480281835,-0.0320179480281835,NA,NA,NA,NA,NA,NA
"Acipenser_sinensis","Acipenser_sinensis",36,1,NA,NA,NA,NA,NA,NA,NA,NA,NA,NA,NA,NA,-0.0442689646975682,-0.0442689646975949,-0.0273706706331156,-0.0273706706320926,-0.0273706706302195,-0.0273706706277849,-0.0273706706247988,-0.0273706706211315,-0.0273706706170125,-0.0273706706133406,-0.0273706706112545,-0.0442689646982397,-0.0442689646982859,-0.0442689646983294,-0.0442689646983734,-0.0442689646984231,-0.0442689646984888,-0.0442689646985737,-0.044268964698678,-0.044268964698797,-0.0442689646989316,-0.0442689646990795,-0.0442689646992434,-0.0442689646994054,-0.0442689646995484,-0.0442689646996515,-0.044268964699727,-0.044268964699794,-0.0442689646998695,-0.0442689646999468,-0.0442689646999987,-0.0442689647000198,-0.0442689647000205,NA,NA
"Acipenser_stellatus","Acipenser_stellatus",26,1,-0.0237123249640689,-0.0237123249640692,-0.0498514565961132,-0.0498514565961132,0.0127102721499388,0.012710272149939,0.0127102721499388,0.0127102721499388,-0.023627651403308,-0.023627651403308,-0.023627651403308,-0.023627651403308,-0.0236276514033082,-0.0182120450195364,-0.0182120450195364,-0.0182120450195364,-0.0182120450195364,-0.031070059228288,-0.0141790239356543,-0.0141790239356543,-0.0141790239356543,-0.148366767199285,-0.148366767199285,-0.148366767199285,-0.0172702297858247,-0.0172702297858247,-0.0172702297858247,-0.0172702297858249,0.0754210971743181,0.0151913144968605,-0.406064609298206,-0.255766270013222,-0.0798773918224285,-0.126952381887353,0.826909239418543,-1,NA,NA,NA,NA,NA,NA,NA,NA,NA,NA,NA
"Alburnoides_bipunctatus","Alburnoides_bipunctatus",20,1,NA,NA,NA,NA,NA,NA,NA,NA,NA,NA,NA,NA,NA,NA,NA,NA,NA,NA,NA,NA,NA,NA,NA,NA,NA,NA,NA,0.0586265724144731,0.0586265724144731,0.0586265724144731,0.0625875893722346,0.0625875893722346,0.0625875893722346,0.0625875893722346,0.00178503459301555,0.230356762541795,0.013343978973163,-0.0141443269107466,-1,1,0.983745918605574,-0.957938654999289,-0.373580662812593,NA,NA,NA,NA
"Alburnoides_prespensis","Alburnoides_prespensis",21,1,NA,NA,NA,NA,NA,NA,NA,NA,NA,NA,NA,NA,NA,NA,0.0151559152544042,0.00660599558256209,-0.00165654373179164,-0.0074223776813121,-0.0106915062659939,-0.01146392948584,-0.00992140589006157,-0.00754657779846246,-0.00788989052465555,-0.0127147605531779,-0.0203420414737063,-0.0283282614872689,-0.0369846188275434,-0.0503633664788204,-0.0718286434867229,-0.100407995337598,-0.132289040815944,-0.15393590655282,-0.159840694876068,-0.141213377460659,-0.0960917802003155,-0.0317121580691118,0.0397258420117276,0.105793727248009,0.157121803099374,0.189101257444626,0.202710146637754,NA,NA,NA,NA,NA,NA
"Alburnus_alburnus","Alburnus_alburnus",49,1,NA,NA,NA,NA,NA,NA,NA,NA,NA,NA,NA,NA,NA,NA,NA,NA,NA,NA,NA,NA,NA,NA,NA,NA,NA,-0.0364271137959947,-0.0364271137959946,-0.00794498707841571,-0.00794498707841581,-0.00794498707841571,0.0699969258631692,-0.228605041154571,0.0699969258631692,0.0699969258631692,-0.00755749315467581,0.028046095764914,0.028046095764914,-0.0139047343333412,1,0.0446778694504974,-0.152572190209669,0.254045647627342,-0.042403118208294,0.0709709679726078,NA,NA,NA
"Alburnus_arborella","Alburnus_arborella",4,1,NA,NA,NA,NA,NA,NA,NA,NA,NA,NA,NA,NA,NA,NA,NA,NA,NA,NA,NA,NA,NA,-0.143723001963846,-0.143723001963846,-0.143723001963846,-0.143723001963846,-0.143723001963846,-0.143723001963846,0.0362300545127339,0.0362300545127341,0.0362300545127339,0.0362300545127339,0.0362300545127341,0.0362300545127339,-0.0348190466025149,-0.0348190466025151,-0.0348190466025149,-0.0348190466025151,-0.0348190466025149,-0.0348190466025149,NA,NA,NA,NA,NA,NA,NA,NA
"Alburnus_belvica","Alburnus_belvica",31,1,NA,NA,NA,NA,NA,NA,NA,NA,NA,NA,NA,NA,NA,NA,0.0455612926784411,0.0452513712077237,0.044792403836139,0.0442246094561506,0.0435479880677567,0.0427625396709603,0.0418399800137792,0.0406432503230549,0.0390559680976907,0.0371211627317865,0.0350264680801649,0.032943125637209,0.0363710236698335,0.0986009141329148,0.0310153720215786,0.0294879796203354,0.0277766233866307,0.0260228724014593,0.0242801589328598,0.0226306962431989,0.0211463856033062,0.0199123357250924,0.0190392280778451,0.0703825851709894,-0.166409611718513,0.373600543374079,0.00163872337340099,NA,NA,NA,NA,NA,NA
"Alburnus_chalcoides","Alburnus_chalcoides",4,1,NA,NA,NA,NA,NA,NA,NA,NA,NA,NA,NA,NA,NA,NA,NA,NA,NA,NA,NA,NA,NA,NA,NA,NA,NA,NA,NA,NA,NA,NA,NA,NA,-0.048304679574555,-0.350155131052897,-0.191308006895959,NA,NA,NA,NA,NA,NA,NA,NA,NA,NA,NA,NA
"Alosa_alosa","Alosa_alosa",48,1,NA,NA,NA,NA,NA,NA,NA,NA,NA,NA,NA,NA,NA,NA,NA,NA,NA,0.0670747974792807,0.0645500366887362,-0.0778447377458213,0.010716005909946,0.14330596662344,0.232318275166528,0.217765175636863,0.113649600200911,-0.00744552598194703,-0.0734799480886608,-0.0664196023129429,-0.0273226627373906,-0.0125717445628095,-0.0432333151908928,-0.0932123212479472,-0.122770911783451,-0.120112161431994,-0.108002057315694,-0.135593543516129,-0.136258555690908,-0.130658707500719,-0.122726808173377,-0.116544381014883,-0.11247687580878,-0.107636000671493,-0.099691307683675,-0.0894758496165897,-0.0800081316638668,-0.0737703899857252,-0.0711524452583538
"Alosa_fallax","Alosa_fallax",6,1,NA,NA,NA,NA,-0.00117974751913996,-0.00117974751913952,-0.00117974751913996,-0.00117974751913952,-0.00117974751913996,-0.00117974751913952,-0.00117974751913996,-0.00117974751913952,-0.00117974751913996,-0.00117974751913952,-0.00117974751913996,-0.00117974751913952,-0.00117974751913952,-0.00117974751913996,-0.00117974751913952,-0.00117974751913996,-0.00117974751913952,-0.188226392130254,-0.188226392130254,-0.188226392130254,-0.188226392130254,-0.188226392130254,-0.188226392130254,0.228511310378622,0.228511310378623,0.228511310378623,0.228511310378623,0.228511310378623,0.228511310378623,-0.228511310378623,-0.228511310378623,-0.228511310378623,-0.228511310378623,-0.228511310378623,-0.228511310378622,NA,NA,NA,NA,NA,NA,NA,NA
"Ameiurus_melas","Ameiurus_melas",16,1,NA,NA,NA,NA,NA,NA,NA,NA,NA,NA,NA,NA,NA,NA,NA,NA,NA,NA,NA,NA,NA,-0.139009485135011,-0.139009485135012,0.0611145598234601,0.0350794323747125,-0.0220958052338253,-0.0954742925355379,-0.119826105608119,-0.121453970838447,-0.0651244707129525,0.015864022471801,0.0710305913438883,-0.0264004002901135,0.00765963590675856,0.00765963590675844,0.00765963590675844,0.00765963590675844,0.00765963590675856,0.00765963590675856,-0.00377626504256079,-0.00377626504256079,-0.00377626504256057,-0.00377626504256079,-0.00377626504256079,NA,NA,NA
"Anguilla_anguilla","Anguilla_anguilla",179,1,-0.187086643357145,-0.113943352306837,-0.154901959985743,0.0579919469776867,0.0508419352989901,0.0722336545517035,-0.0133589654818338,-0.0346415293573576,-0.0266255027398525,-0.0277183620065306,-0.098435930533994,-0.0576142669209556,-0.0443125223667828,-0.00731551720978432,0.0170394411176052,-0.0619860755139428,0.0748054414320451,0.0468960911856252,-0.0126783578921677,0.0121517609718361,-0.0565598245223942,-0.0493799546066765,-0.0329642061440805,-0.0289756006869481,-0.0406614297465776,-0.0573250260285537,-0.0629475693315299,-0.0875712756831174,-0.0903966831170368,-0.0313005892848136,0.0496914408502794,0.08692716377695,0.0659317670397286,-0.0756972489235694,0.0166991086068325,-0.0252373785057667,0.0718232723457631,-0.114954257590257,-0.125944611918327,-0.218315006633268,-0.067737971840617,0.152983961379217,0.246554793409683,0.170304658523791,0.0643384224749894,0.0495187702489028,0.0890026932550008
"Anguilla_japonica","Anguilla_japonica",20,1,NA,NA,NA,NA,NA,NA,NA,NA,NA,NA,NA,NA,NA,NA,NA,NA,NA,NA,NA,NA,NA,NA,NA,NA,-0.220214880303942,-0.177146345966817,-0.0786907133744523,0.0604320830134111,0.184999258413947,0.229283414229867,0.167264599757161,0.0352977473310476,-0.0924467196133416,-0.151872189904548,-0.126875482502365,-0.0590681529845283,-0.0207213698306461,-0.0557760595781407,-0.128814174624549,-0.141854800026263,-0.0275648734153097,0.166205656549587,0.307697461421068,NA,NA,NA,NA
"Atherina_boyeri","Atherina_boyeri",35,1,NA,NA,NA,NA,NA,NA,NA,NA,NA,NA,NA,NA,NA,NA,NA,NA,NA,NA,NA,NA,-0.0378381047920303,-0.0437654371737142,-0.0533059947582545,-0.0623627603700925,-0.0678334116036255,-0.0685650076724105,-0.0617296200407317,-0.0448128861626621,-0.0194892252562052,0.00641810068872017,0.0226061338134054,0.0235423751052922,-0.000642840552903673,0.00488374585596123,-0.00191824206518262,-0.0119287600258356,NA,NA,NA,NA,NA,NA,NA,NA,NA,NA,NA
"Australoheros_facetus","Australoheros_facetus",2,1,NA,NA,NA,NA,NA,NA,NA,NA,NA,NA,NA,NA,NA,NA,NA,NA,NA,NA,NA,NA,NA,NA,NA,NA,0.114573994178928,0.114573994178928,NA,NA,NA,NA,NA,NA,NA,NA,NA,NA,NA,NA,NA,NA,NA,NA,NA,NA,NA,NA,NA
"Barbatula_barbatula","Barbatula_barbatula",10,1,NA,NA,NA,NA,NA,NA,NA,NA,NA,NA,NA,NA,NA,NA,NA,NA,NA,NA,NA,NA,NA,NA,NA,NA,NA,-0.0602059991327963,-0.0602059991327961,-0.0779512679551381,-0.0779512679551381,-0.077951267955138,-0.0703870097268517,-0.0703870097268517,-0.0703870097268517,-0.0703870097268517,-0.0529705620802855,-0.00656625417087767,-0.00656625417087762,0.0572545013850965,NA,NA,NA,NA,NA,NA,NA,NA,NA
"Barbus_barbus","Barbus_barbus",30,1,NA,NA,NA,NA,NA,NA,NA,NA,NA,NA,NA,NA,NA,NA,NA,NA,NA,NA,NA,NA,NA,NA,NA,NA,NA,NA,NA,-0.00171680251370139,-0.0017168025137014,-0.0017168025137014,0.0197573657204465,0.0197573657204465,0.0197573657204466,0.0197573657204465,0.0215799517920361,0.0331949623986875,0.0331949623986875,0.0466325590769284,-0.301029995663981,0.0242275032520141,0.475772496747986,-0.413710149062012,0.339127017709869,NA,NA,NA,NA
"Barbus_haasi","Barbus_haasi",3,1,NA,NA,NA,NA,NA,NA,NA,NA,NA,NA,NA,NA,NA,NA,NA,NA,NA,NA,NA,NA,NA,NA,NA,NA,NA,NA,NA,NA,NA,NA,NA,NA,NA,NA,NA,NA,NA,-0.0579919469776867,-0.195114496369112,NA,NA,NA,NA,NA,NA,NA,NA
"Barbus_meridionalis","Barbus_meridionalis",6,1,NA,NA,NA,NA,NA,NA,NA,NA,NA,NA,NA,NA,NA,NA,NA,NA,NA,NA,NA,NA,NA,NA,NA,NA,NA,NA,NA,NA,NA,NA,NA,NA,0.182296322795166,0.182296322795166,0.182296322795166,0.182296322795166,0.182296322795166,0.182296322795166,0.182296322795166,0.00946477724503353,0.00946477724503354,0.00946477724503351,NA,NA,NA,NA,NA
"Barbus_prespensis","Barbus_prespensis",35,1,NA,NA,NA,NA,NA,NA,NA,NA,NA,NA,NA,NA,NA,NA,-0.0861416758051185,0.13420512296461,0.133640348438347,0.13274178691694,0.131509438400389,0.129943302888696,-0.459221930649989,0.282303933113538,-0.197780905160399,0.186560281583135,-0.00278752128256362,-0.0150887758306026,-0.0306512176378401,-0.0489373328164981,-0.068760040655296,-0.0888626863424685,-0.108804979277717,-0.127871400861223,-0.145771379839166,-0.161943434156525,-0.175705285175287,-0.186427021334123,-0.193745671460369,-0.197808589284763,-0.199347188330524,-0.19947211600346,-0.199242837573277,NA,NA,NA,NA,NA,NA
"Blicca_bjoerkna","Blicca_bjoerkna",46,1,NA,NA,NA,NA,NA,NA,NA,NA,NA,NA,NA,NA,NA,NA,NA,NA,NA,-0.232969347730492,-0.181589668241652,-0.0948246873634801,-0.00082371955693139,0.0673086971894035,0.0689172110068984,-0.0280663940852424,-0.13382691202771,0.0211270809982956,-0.0357883113403456,-0.0539416768655019,0.0565774636181758,0.035705607678542,NA,-0.419568156403668,NA,NA,NA,NA,NA,NA,NA,0.8750612633917,0.194537812595911,-0.166867450189728,0.118550623234957,NA,NA,NA,NA
"Carassius_auratus","Carassius_auratus",18,1,NA,NA,NA,NA,NA,NA,NA,NA,NA,NA,NA,NA,NA,NA,-1,0.334651279931665,0.334651279931665,0.334651279931665,0.334651279931665,0.334651279931665,-0.715553298304721,0.2878844890398,0.461412741672118,-0.0607793159800372,-0.136346532880599,-0.136346532880599,-0.136346532880599,-0.024176170885952,-0.024176170885952,-0.024176170885952,-0.0241761708859523,-0.024176170885952,-0.024176170885952,-0.00846304865595426,-0.00846304865595449,-0.00846304865595426,-0.00846304865595426,-0.00846304865595426,-0.00846304865595426,NA,NA,NA,NA,NA,NA,NA,NA
"Carassius_carassius","Carassius_carassius",10,1,NA,NA,NA,NA,NA,NA,NA,NA,NA,NA,NA,NA,NA,NA,NA,NA,NA,NA,NA,NA,NA,NA,NA,NA,NA,-0.0352182518111361,-0.0352182518111364,-0.0352182518111361,-0.0352182518111364,-0.0352182518111361,NA,-0.597307297796629,NA,NA,NA,NA,NA,NA,NA,NA,NA,NA,NA,NA,NA,NA,NA
"Carassius_gibelio","Carassius_gibelio",25,1,NA,NA,NA,NA,NA,NA,NA,NA,NA,NA,NA,NA,NA,NA,NA,NA,NA,NA,NA,NA,NA,NA,NA,NA,NA,-0.293374029949694,-0.293374029949694,-0.293374029949694,-0.293374029949694,-0.293374029949694,NA,-0.291493932290184,NA,NA,NA,NA,NA,NA,-0.240676630105395,-0.334744001830376,0.113152410007894,-0.556971676153418,0.477121254719662,NA,NA,NA,NA
"Chondrostoma_nasus","Chondrostoma_nasus",14,1,NA,NA,NA,NA,NA,NA,NA,NA,NA,NA,NA,NA,NA,NA,NA,NA,NA,NA,NA,NA,NA,NA,NA,NA,NA,NA,NA,0.0608400169358981,0.060840016935898,0.0608400169358981,0.0139593712266439,0.0139593712266438,0.0139593712266437,0.0139593712266437,-0.0366733252669513,-0.0776766598942104,-0.0776766598942104,-0.169312691015065,NA,NA,NA,-0.921702827367361,0.112042922325594,0.151585682797263,NA,NA,NA
"Cobitis_elongatoides","Cobitis_elongatoides",3,1,NA,NA,NA,NA,NA,NA,NA,NA,NA,NA,NA,NA,NA,NA,NA,NA,NA,NA,NA,NA,NA,NA,NA,NA,NA,NA,NA,NA,NA,NA,NA,NA,NA,NA,NA,NA,NA,NA,NA,NA,0.187086643357144,-0.455931955649724,NA,NA,NA,NA,NA
"Cobitis_paludica","Cobitis_paludica",2,1,NA,NA,NA,NA,NA,NA,NA,NA,NA,NA,NA,NA,NA,NA,NA,NA,NA,NA,NA,NA,NA,NA,NA,NA,-0.06246936830415,-0.06246936830415,NA,NA,NA,NA,NA,NA,NA,NA,NA,NA,NA,NA,NA,NA,NA,NA,NA,NA,NA,NA,NA
"Cobitis_taenia","Cobitis_taenia",4,1,NA,NA,NA,NA,NA,NA,NA,NA,NA,NA,NA,NA,NA,NA,NA,NA,NA,NA,NA,NA,NA,NA,NA,NA,NA,-0.029172997258602,-0.0291729972586018,-0.029172997258602,-0.0291729972586019,-0.0291729972586018,NA,NA,NA,NA,NA,NA,NA,NA,NA,NA,NA,NA,NA,NA,NA,NA,NA
"Coregonus_albula","Coregonus_albula",9,1,NA,NA,NA,NA,NA,NA,NA,NA,NA,NA,0.0162371988706855,-0.00772868627533785,-0.00772868627533785,-0.00772868627533763,0.0243229560247504,-0.0163904161881692,-0.00494083237867016,0.0098260861615147,-0.0148237763170245,0.0117035510810775,NA,NA,NA,NA,NA,NA,NA,NA,NA,NA,NA,NA,NA,NA,NA,NA,NA,NA,NA,NA,NA,NA,NA,NA,NA,NA,NA
"Coregonus_lavaretus","Coregonus_lavaretus",96,1,0.0110388483759265,0.0172200971317303,0.0280007103562432,0.0409220179609338,0.0536991044294407,0.0616550834233289,0.0580899558351005,0.0416995658264945,0.0221410425523951,0.0134994112782363,0.0209903580959478,0.0367548169365832,0.0494294552329735,0.0547192785362116,NA,NA,NA,NA,NA,-0.0383138713642054,-0.0393809850537682,-0.0035457738169214,-0.0442441614605624,-0.0441690960965958,-0.00675689635839948,-0.098285096130912,-0.0482311868042786,0.0896407710449015,-0.0372342069738023,-0.00827545472898265,0.060211354320721,0.0607187937424789,NA,NA,NA,NA,NA,NA,NA,NA,NA,NA,NA,NA,NA,NA,NA
"Ctenopharyngodon_idella","Ctenopharyngodon_idella",4,1,NA,NA,NA,NA,NA,NA,NA,NA,NA,NA,NA,NA,NA,NA,NA,NA,NA,NA,NA,NA,NA,-0.0626106023268142,-0.0626106023268142,-0.0626106023268143,-0.0626106023268142,-0.0626106023268142,-0.0626106023268142,0.0732221156383771,0.0732221156383771,0.0732221156383771,0.0732221156383771,0.0732221156383771,0.0732221156383772,0.0816810386473383,0.0816810386473382,0.0816810386473384,0.0816810386473383,0.0816810386473383,0.0816810386473383,NA,NA,NA,NA,NA,NA,NA,NA
"Cyprinus_carpio","Cyprinus_carpio",54,1,NA,NA,NA,NA,NA,NA,NA,NA,NA,NA,NA,NA,NA,NA,0.0968898583073141,0.0963641780752856,0.0951133307145056,0.0930874445007907,0.0902865194341401,0.0867105555145562,0.0822393353487548,0.0119206489686944,0.00819934800651448,0.0315952020672267,0.0517627489429239,-0.0530912511183754,-0.259184562635473,0.117864934844482,-0.0795126632485056,-0.0806966141160228,0.0285332481057896,0.0563824725936344,0.0231890241077174,0.00550835123280701,0.0494993018777385,0.0534919750700714,0.0522664175566564,0.0617386234738113,-0.0706085673712355,0.0930773717971561,-0.0744529729921143,-0.192337528211642,-0.183988392647297,NA,NA,NA,NA
"Esox_cisalpinus","Esox_cisalpinus",2,1,NA,NA,NA,NA,NA,NA,NA,NA,NA,NA,NA,NA,NA,NA,NA,NA,NA,NA,NA,NA,NA,NA,NA,-0.033275694026325,-0.0332756940263248,-0.0332756940263252,-0.0332756940263248,-0.033275694026325,-0.0332756940263248,-0.033275694026325,-0.033275694026325,-0.0332756940263248,-0.033275694026325,-0.033275694026325,-0.033275694026325,-0.0332756940263248,-0.033275694026325,-0.033275694026325,-0.0332756940263248,-0.033275694026325,-0.0332756940263248,-0.033275694026325,-0.033275694026325,-0.0332756940263249,NA,NA,NA
"Esox_lucius","Esox_lucius",96,1,0.0319250965802742,-0.0362577110652049,-0.0927267115086345,-0.0943148044700559,-0.0491475272798625,0.000662910894628332,0.0225000400295312,0.00966933071130271,-0.0284459014391296,-0.0734553448973887,-0.102500199921009,NA,NA,NA,NA,NA,NA,0.0416900425070537,0.04013961274556,0.0375857603817502,0.0350913491408854,-0.082653033301759,-0.0835407521916798,-0.0849014417988622,-0.0869969964839338,-0.176316218963021,-0.177433782903902,-0.180949653959911,-0.181214773677703,-0.181248790882291,-0.20978428015695,0.292932499706968,-0.20978428015695,0.0828874401346582,0.0828874401346582,0.0828874401346582,0.0828874401346583,0.0828874401346583,0.0828874401346582,NA,NA,NA,NA,NA,NA,NA,NA
"Gambusia_holbrooki","Gambusia_holbrooki",6,1,NA,NA,NA,NA,NA,NA,NA,NA,NA,NA,NA,NA,NA,NA,NA,NA,NA,NA,NA,NA,NA,-0.280071733385774,-0.280071733385774,-0.280071733385774,-0.29409547596356,-0.29409547596356,-0.280071733385774,0.364628856687287,0.364628856687287,0.364628856687287,0.364628856687287,0.364628856687287,0.364628856687287,-0.364628856687287,-0.364628856687287,-0.364628856687287,-0.364628856687287,-0.364628856687287,-0.364628856687287,NA,NA,NA,NA,NA,NA,NA,NA
"Gasterosteus_aculeatus","Gasterosteus_aculeatus",10,1,NA,NA,NA,NA,-0.00671363975265393,-0.00671363975265438,-0.00671363975265393,-0.00671363975265393,-0.00671363975265438,-0.00671363975265393,-0.00671363975265438,-0.00671363975265393,-0.00671363975265393,-0.00671363975265438,-0.00671363975265393,-0.00671363975265393,-0.00671363975265438,-0.00671363975265393,-0.00671363975265393,-0.00671363975265438,-0.00671363975265393,-0.00671363975265393,-0.00671363975265438,-0.00671363975265393,-0.00671363975265438,-0.180043160281832,-0.180043160281833,-0.266707920546422,-0.266707920546422,-0.266707920546422,NA,NA,NA,NA,NA,NA,NA,NA,NA,NA,NA,0.259114905424704,0.309627866534076,-0.490308011392259,NA,NA,NA
"Gobio_gobio","Gobio_gobio",24,1,NA,NA,NA,NA,NA,NA,NA,NA,NA,NA,NA,NA,NA,NA,NA,NA,NA,NA,NA,NA,NA,NA,NA,NA,NA,-0.216402221665015,-0.216402221665015,-0.151134411736378,-0.151134411736378,-0.151134411736378,0.00750940210259812,0.00750940210259821,0.0075094021025981,0.00750940210259819,-0.0221652320454273,-0.0312981956220439,-0.0312981956220438,-0.0701057933466859,-0.710154171288533,-0.282546589969968,0.45229767099463,-0.483603743301846,-0.0654315483813227,NA,NA,NA,NA
"Gymnocephalus_baloni","Gymnocephalus_baloni",6,1,NA,NA,NA,NA,NA,NA,NA,NA,NA,NA,NA,NA,NA,NA,NA,NA,NA,NA,NA,NA,NA,NA,NA,NA,NA,NA,NA,NA,NA,NA,NA,NA,NA,NA,NA,NA,NA,NA,-0.369280313679916,-0.114568017485408,0.365636671002685,0.0323033376693521,NA,NA,NA,NA,NA
"Gymnocephalus_cernua","Gymnocephalus_cernua",82,1,NA,NA,NA,NA,NA,NA,NA,NA,NA,NA,NA,NA,NA,NA,NA,NA,NA,0.0749701231301014,0.0530606412504205,0.00899632717142298,-0.0273978357947941,-0.0471114917407162,-0.0012516899009425,0.0398963558613458,0.119916806336672,-0.0559763734803282,-0.0641007728770911,-0.00551444960039568,-0.0334706699999372,-0.14271643866232,NA,NA,NA,NA,NA,NA,NA,NA,NA,1,-1,-0.331338070538588,0.516330776727001,-1,NA,NA,NA
"Hucho_hucho","Hucho_hucho",8,1,0.158789103513375,0.158789103513375,0.158789103513375,0.0930538602561853,0.0930538602561853,0.0930538602561853,-0.00878977391884361,-0.00878977391884372,-0.00878977391884361,-0.00878977391884361,-0.00878977391884361,-0.150703248688819,-0.150703248688819,-0.150703248688819,-0.150703248688819,-0.150703248688819,-0.150703248688819,0.1249387366083,0.429348472923662,NA,NA,NA,NA,NA,NA,NA,NA,NA,NA,NA,NA,NA,NA,NA,NA,NA,NA,NA,NA,NA,NA,NA,NA,NA,NA,NA,NA
"Huso_dauricus","Huso_dauricus",3,1,NA,NA,NA,NA,NA,-0.00155715131112455,-0.00155715131112477,-0.00155715131112455,-0.00155715131112477,-0.00155715131112455,-0.00155715131112455,-0.00155715131112477,-0.00155715131112455,-0.00155715131112455,-0.00155715131112477,-0.00155715131112455,-0.00155715131112477,-0.00155715131112455,-0.00155715131112477,-0.00155715131112455,-0.00155715131112455,-0.00155715131112477,-0.00155715131112455,-0.0206766192515342,-0.0206766192515344,-0.0206766192515342,-0.0206766192515342,-0.0206766192515342,-0.0206766192515342,-0.0206766192515344,-0.0206766192515342,-0.0206766192515342,-0.0206766192515342,-0.0206766192515342,-0.0206766192515342,-0.0206766192515344,-0.0206766192515342,-0.0206766192515342,-0.0206766192515342,-0.0206766192515342,-0.0206766192515342,NA,NA,NA,NA,NA,NA
"Huso_huso","Huso_huso",31,1,NA,NA,-0.0164877073462932,-0.0164877073462941,-0.0164877073462941,-0.0164877073462932,-0.0164877073462941,-0.0164877073462941,0.00108673520077651,0.00108673520077607,0.00108673520077607,0.00108673520077651,0.00108673520077607,-0.0127703752549523,-0.0127703752549526,-0.0127703752549526,-0.0127703752549523,-0.0257287394733016,-0.0257287394733017,-0.0257287394733011,-0.0257287394733017,-0.0319555055729541,-0.0396894046863572,-0.0396894046864793,-0.0398264575895914,-0.0398264575896356,-0.0398264575896041,-0.0398264575895179,0.0125802723426624,-0.0312544057938553,-0.328454329667654,0.0692269462833566,-0.331514288516587,0.247552788069213,0.823908740944319,-1,NA,NA,NA,NA,NA,NA,NA,NA,NA,NA,NA
"Ictalurus_punctatus","Ictalurus_punctatus",4,1,NA,NA,NA,NA,NA,NA,NA,NA,NA,NA,NA,NA,NA,NA,NA,NA,NA,NA,NA,NA,NA,0.292079212149573,0.292079212149572,0.292079212149572,0.292079212149572,0.292079212149572,0.292079212149572,0.0129832517160195,0.0129832517160194,0.0129832517160194,0.0129832517160194,0.0129832517160195,0.0129832517160194,0.070323125244359,0.070323125244359,0.0703231252443591,0.070323125244359,0.0703231252443591,0.0703231252443589,NA,NA,NA,NA,NA,NA,NA,NA
"Lampetra_fluviatilis","Lampetra_fluviatilis",4,1,NA,NA,NA,NA,NA,NA,NA,NA,NA,NA,NA,NA,NA,NA,NA,NA,NA,NA,NA,NA,NA,NA,NA,NA,NA,NA,NA,NA,NA,NA,NA,NA,NA,NA,NA,NA,NA,NA,NA,NA,NA,0.145493771819112,-0.180379134637092,-0.514240169575287,NA,NA,NA
"Lepomis_gibbosus","Lepomis_gibbosus",58,1,NA,NA,NA,NA,NA,NA,NA,NA,NA,NA,NA,NA,NA,NA,-0.00583618308080514,-0.0050714204076947,-0.0015443465946039,0.00524442547519732,0.0152948958017085,0.0286070643849294,0.0450740752362637,0.053081886058308,0.0640355728824696,0.116051707399595,0.102854668653603,0.070998858529792,-0.176397962878655,-0.0626830313262217,-0.0557979302123207,-0.0563298823137208,-0.0227612960030371,-0.0203638316770985,-0.00070643842960327,0.0274260186366214,0.0435418642755084,0.0523925887680745,0.040776266509189,-0.21072883046271,0.136498152132257,0.113537265550754,0.137494810695343,0.0922535502708495,-0.00595662331213787,-0.00595662331213787,NA,NA,NA
"Leuciscus_aspius","Leuciscus_aspius",8,1,NA,NA,NA,NA,NA,NA,NA,NA,NA,NA,NA,NA,NA,NA,NA,NA,NA,NA,NA,NA,NA,NA,NA,NA,NA,-0.29421734670338,-0.29421734670338,-0.29421734670338,-0.29421734670338,-0.29421734670338,NA,NA,NA,NA,NA,NA,NA,NA,NA,NA,NA,-1,-0.496213538719883,0.388738824641462,NA,NA,NA
"Leuciscus_burdigalensis","Leuciscus_burdigalensis",19,1,NA,NA,NA,NA,NA,NA,NA,NA,NA,NA,NA,NA,NA,NA,NA,NA,NA,NA,NA,NA,NA,NA,NA,NA,NA,NA,NA,NA,NA,NA,NA,NA,NA,NA,NA,-0.0175250686849893,-0.0108456234373223,-0.0289319530297377,-0.0484471480369805,-0.0620600607740344,-0.0659857274106313,-0.0616667290730452,-0.0543650996192298,-0.0495253338730335,NA,NA,NA
"Leuciscus_idus","Leuciscus_idus",6,1,NA,NA,NA,NA,NA,NA,NA,NA,NA,NA,NA,NA,NA,NA,NA,NA,NA,NA,NA,NA,NA,NA,NA,NA,NA,-0.220957086157954,-0.220957086157954,-0.220957086157954,-0.220957086157954,-0.220957086157954,NA,NA,NA,NA,NA,NA,NA,NA,NA,-0.031234684152075,-0.031234684152075,-0.0312346841520749,-0.031234684152075,NA,NA,NA,NA
"Leuciscus_leuciscus","Leuciscus_leuciscus",25,1,NA,NA,NA,NA,NA,NA,NA,NA,NA,NA,NA,NA,NA,NA,NA,NA,NA,NA,NA,NA,NA,-0.118921716214846,-0.11892171621427,-0.118921716213221,-0.118921716212016,-0.0700360357803117,-0.0700360357800882,-0.0466749466841493,-0.0466749466841214,-0.022592690175536,0.0234083206033369,0.0198429711807281,0.0198429711807282,0.0198429711807282,-0.0118571855181797,-0.0377918463240228,-0.0377918463240228,-0.0954266638287738,NA,NA,NA,-1,0.618023983307022,-0.952317655399044,NA,NA,NA
"Lota_lota","Lota_lota",62,1,NA,NA,NA,NA,NA,NA,NA,NA,NA,NA,NA,NA,0.232207201034613,-0.296665190261531,-0.0946655521217337,-0.0946655521217336,-0.0946655521217337,0.317549588810922,0.0673716384667347,0.0673716384667348,-0.120358331956511,-0.12035833195651,-0.12035833195651,-0.120358331956511,0.0657496259413212,0.0898477640951228,0.045728266320691,-0.0199618033501276,-0.106373093940832,-0.204391055668466,-0.174646189602593,-0.240930489102833,-0.168605699206237,0.00193831465778715,0.160092490428502,0.190985892125829,0.0510691591525119,-0.203412194202267,-0.269188498326684,0.178332946363738,0.24808214783344,-0.343312374479138,-0.0353278529567583,NA,NA,NA,NA
"Luciobarbus_comizo","Luciobarbus_comizo",4,1,NA,NA,NA,NA,NA,NA,NA,NA,NA,NA,NA,NA,NA,NA,NA,NA,NA,NA,NA,NA,NA,NA,NA,NA,0.154403916006246,0.154403916006246,NA,NA,NA,NA,NA,-0.367976785294595,NA,NA,NA,NA,NA,NA,NA,NA,NA,NA,NA,NA,NA,NA,NA
"Luciobarbus_microcephalus","Luciobarbus_microcephalus",4,1,NA,NA,NA,NA,NA,NA,NA,NA,NA,NA,NA,NA,NA,NA,NA,NA,NA,NA,NA,NA,NA,NA,NA,NA,0.234260541478872,0.234260541478872,NA,NA,NA,NA,NA,-1,NA,NA,NA,NA,NA,NA,NA,NA,NA,NA,NA,NA,NA,NA,NA
"Luciobarbus_sclateri","Luciobarbus_sclateri",2,1,NA,NA,NA,NA,NA,NA,NA,NA,NA,NA,NA,NA,NA,NA,NA,NA,NA,NA,NA,NA,NA,NA,NA,NA,NA,NA,NA,NA,NA,NA,NA,-0.146128035678238,NA,NA,NA,NA,NA,NA,NA,NA,NA,NA,NA,NA,NA,NA,NA
"Micropterus_salmoides","Micropterus_salmoides",8,1,NA,NA,NA,NA,NA,NA,NA,NA,NA,NA,NA,NA,NA,NA,NA,NA,NA,NA,NA,NA,NA,-0.20484167307771,-0.20484167307771,-0.0899727748835207,-0.0768196131228287,-0.0768196131228286,-0.0899727748835207,-0.075168597779301,-0.0751685977793009,-0.075168597779301,-0.0751685977793008,-0.0751685977793009,-0.0751685977793008,0.0124480616553342,0.0124480616553343,0.0124480616553343,0.0124480616553342,0.0124480616553343,0.0124480616553343,0.0248961233106684,0.0248961233106686,0.0248961233106686,0.0248961233106684,0.0248961233106686,NA,NA,NA
"Misgurnus_anguillicaudatus","Misgurnus_anguillicaudatus",7,1,NA,NA,NA,NA,NA,NA,NA,NA,NA,NA,NA,NA,NA,NA,NA,NA,NA,NA,NA,NA,NA,NA,NA,NA,NA,NA,NA,NA,NA,NA,NA,0,0,0.301029995663981,0.397940008672038,0.204119982655925,0.588271706842329,NA,NA,NA,NA,NA,NA,NA,NA,NA,NA
"Misgurnus_fossilis","Misgurnus_fossilis",2,1,NA,NA,NA,NA,NA,NA,NA,NA,NA,NA,NA,NA,NA,NA,NA,NA,NA,NA,NA,NA,NA,NA,NA,NA,NA,-0.120411998265592,-0.120411998265592,-0.120411998265592,-0.120411998265592,-0.120411998265592,NA,NA,NA,NA,NA,NA,NA,NA,NA,NA,NA,NA,NA,NA,NA,NA,NA
"Neogobius_melanostomus","Neogobius_melanostomus",38,1,NA,NA,NA,NA,NA,NA,NA,NA,NA,NA,NA,NA,NA,NA,NA,NA,NA,NA,NA,NA,NA,NA,NA,NA,NA,NA,NA,NA,NA,NA,NA,NA,NA,NA,NA,NA,NA,NA,0.254333302103674,0.415204211881507,0.779004613448294,0.0683228220615714,0.322464124541299,-0.153119674440112,NA,NA,NA
"Oncorhynchus_gorbuscha","Oncorhynchus_gorbuscha",118,1,0.0246299053064645,0.0232817841090065,0.0211561934482912,0.0180613278224722,0.0357825049755968,0.0313176531530924,0.0254627364213405,0.0189577057348587,0.012658805381506,0.00688885260067954,0.000963685738588294,-0.00628259162582841,-0.000104512997594686,-0.0290877977585813,-0.0365342631111663,-0.0214294671920687,NA,NA,NA,NA,NA,NA,NA,NA,NA,NA,NA,NA,NA,NA,NA,NA,NA,NA,NA,NA,NA,NA,NA,NA,NA,NA,NA,NA,NA,NA,NA
"Oncorhynchus_nerka","Oncorhynchus_nerka",27,1,NA,NA,NA,NA,NA,0.0484646074836794,0.131917186577396,0.187973935333243,0.115776998685261,-0.0316090636862469,-0.0967429667858797,-0.00337394883977726,0.151748297379817,0.204520164961138,0.102276481599422,-0.0403066507820506,-0.0698333518995695,0.0277340798795174,0.103699287679892,0.0258472421196259,-0.143226448249506,-0.208620126142324,-0.0938868247138243,0.0473227386540827,0.0291997251084628,-0.11554316098845,-0.181128485050232,-0.0668122744548567,0.105846685634715,0.183540244462495,0.175096361614724,NA,NA,NA,NA,NA,NA,NA,NA,NA,NA,NA,NA,NA,NA,NA,NA
"Parachondrostoma_arrigonis","Parachondrostoma_arrigonis",2,1,NA,NA,NA,NA,NA,NA,NA,NA,NA,NA,NA,NA,NA,NA,NA,NA,NA,NA,NA,NA,NA,NA,NA,NA,NA,NA,NA,NA,NA,NA,NA,-0.107406431577973,-0.107406431577973,-0.107406431577973,NA,NA,NA,NA,NA,NA,NA,NA,NA,NA,NA,NA,NA
"Perca_fluviatilis","Perca_fluviatilis",252,1,0.0320326857141402,0.0162715363256054,0.11151783844737,0.173186883931371,-0.0603209854275591,-0.401073195956782,-0.616428377857973,0.0321846833714012,0.215599800339355,0.12963385781668,-0.12963385781668,-0.0193051551953866,-0.263241434774581,-0.380211241711606,0.204119982655925,0.243038048686294,-0.104735350520013,-0.0266778905493026,0.0539886791638858,0.0257935482160942,0.0200375789060018,-0.0503496682456725,-0.0528381738769303,-0.0682182262666981,-0.0550666294423464,-0.084546101545469,-0.0669322386595733,-0.0362241044701444,0.0850756251414286,-0.0184324232190337,0.0947741582775776,-0.065468590289419,0.0436197582727064,0.0134608323913993,-0.00841059489853802,-0.000580495605231129,0.00271943096211182,0.00147127053050903,0.237444655298,-0.512004865678352,-0.0269064010359615,0.0730605990329862,0.426658918269246,-0.0527391221817698,0.482766759236821,NA,NA
"Petroleuciscus_borysthenicus","Petroleuciscus_borysthenicus",4,1,NA,NA,NA,NA,NA,NA,NA,NA,NA,NA,NA,NA,NA,NA,NA,NA,NA,NA,NA,NA,NA,NA,NA,NA,NA,NA,NA,NA,NA,NA,NA,NA,-0.0437395238544138,-0.166139722587997,0,NA,NA,NA,NA,NA,NA,NA,NA,NA,NA,NA,NA
"Petromyzon_marinus","Petromyzon_marinus",106,1,-0.0445027648516907,-0.0345061429512482,-0.0238768993891495,-0.0153349197516476,-0.00976415118003682,-0.00588775463369795,-0.00189492045848283,0.00261738259406674,0.00639766374382789,0.00794398419035569,0.00675734529292227,0.00338903628202181,-0.00106544895258742,-0.00524417974051228,-0.00781671910471138,-0.00813204805295609,-0.00664395193875511,0.0723943963398922,0.0721812272844438,0.0843718726268629,0.0823798361866362,0.0796962525996488,0.0766976221882287,0.0739571011979185,0.0720081449157663,0.0709814238708617,0.0705631056433661,0.070393518614652,0.0703647764522645,0.0703437229702703,0.0696648655466763,0.0672035798488654,0.0621998309603077,0.0549921613140908,0.0467927262583219,-0.0626712105607714,-0.085700841001874,-0.108244054598971,-0.131381285183173,-0.155282987631267,-0.178309568300744,-0.141969509763661,-0.214975146650068,-0.263680421580359,-0.216014736215479,-0.215455060486297,-0.215042923669979
"Phoxinus_phoxinus","Phoxinus_phoxinus",17,1,NA,NA,NA,NA,NA,NA,NA,NA,NA,NA,NA,NA,NA,NA,NA,NA,NA,NA,NA,NA,NA,NA,NA,NA,NA,NA,NA,NA,NA,NA,-0.0121706042614498,-0.0121706042614497,-0.0121706042614497,-0.344432106943158,-0.0864767993079395,0.27432793413527,-0.22567206586473,0.283281676765592,0.656908659335308,0.977723605288848,-0.353249223861641,-0.624599178695556,-0.624599178695557,NA,NA,NA,NA
"Pomatoschistus_microps","Pomatoschistus_microps",2,1,NA,NA,NA,NA,NA,NA,NA,NA,NA,NA,NA,NA,NA,NA,NA,NA,NA,NA,NA,NA,NA,NA,NA,NA,NA,NA,NA,NA,NA,NA,NA,NA,NA,NA,NA,NA,NA,NA,NA,-0.0380768383785899,NA,NA,NA,NA,NA,NA,NA
"Ponticola_kessleri","Ponticola_kessleri",4,1,NA,NA,NA,NA,NA,NA,NA,NA,NA,NA,NA,NA,NA,NA,NA,NA,NA,NA,NA,NA,NA,NA,NA,NA,NA,NA,NA,NA,NA,NA,NA,NA,NA,NA,NA,NA,NA,NA,NA,NA,NA,-0.311138634390332,0.583001289634731,-1,NA,NA,NA
"Proterorhinus_semilunaris","Proterorhinus_semilunaris",57,1,NA,NA,NA,NA,NA,NA,NA,NA,NA,NA,NA,NA,NA,NA,NA,NA,NA,NA,NA,NA,NA,NA,NA,NA,NA,NA,NA,NA,NA,NA,NA,NA,NA,NA,NA,NA,NA,NA,-0.238978039628799,0.0340107428247724,-0.0350942095233908,-0.00411698753656548,-0.225580910129146,-0.520254601454189,NA,NA,NA
"Psephurus_gladius","Psephurus_gladius",13,1,NA,NA,NA,NA,NA,NA,NA,NA,NA,NA,NA,-0.130009333797315,0.014016686156334,0.16083390666744,0.13606417374897,-0.0660315259591844,-0.258512128877148,-0.255821993258377,-0.0743585895742783,0.0786028486230311,0.0210852991299296,-0.21048045381595,-0.405344315192481,NA,NA,NA,NA,NA,NA,NA,NA,NA,NA,NA,NA,NA,NA,NA,NA,NA,NA,NA,NA,NA,NA,NA,NA
"Pseudochondrostoma_willkommii","Pseudochondrostoma_willkommii",2,1,NA,NA,NA,NA,NA,NA,NA,NA,NA,NA,NA,NA,NA,NA,NA,NA,NA,NA,NA,NA,NA,NA,NA,NA,0.52256831314605,0.52256831314605,NA,NA,NA,NA,NA,NA,NA,NA,NA,NA,NA,NA,NA,NA,NA,NA,NA,NA,NA,NA,NA
"Pseudorasbora_parva","Pseudorasbora_parva",22,1,NA,NA,NA,NA,NA,NA,NA,NA,NA,NA,NA,NA,NA,NA,0.731796477873252,0.0587393110687971,0.0587393110687971,0.0587393110687971,0.0587393110687971,0.0587393110687971,-0.281222687849857,0.530080982880397,-0.601539114441086,-0.0364525788448558,0.10272801879119,0.102728018791191,0.10272801879119,0.156542745874633,0.156542745874633,0.156542745874633,0.156542745874633,0.156542745874633,0.156542745874633,0.144033770801121,0.144033770801121,0.144033770801121,0.144033770801121,0.144033770801122,0.144033770801121,0.759256969938944,0.759256969938944,NA,-0.602059991327962,NA,NA,NA,NA
"Rhodeus_amarus","Rhodeus_amarus",29,1,NA,NA,NA,NA,NA,NA,NA,NA,NA,NA,NA,NA,NA,NA,NA,NA,NA,NA,NA,NA,NA,NA,NA,NA,NA,NA,NA,NA,NA,NA,NA,NA,0.00828985772815538,0.0135065576118489,-0.0234325631923897,NA,NA,NA,-0.342422680822206,-0.289897814911521,0.0841916630533177,0.32153514023362,0.214723545278456,NA,NA,NA,NA
"Rhodeus_sericeus","Rhodeus_sericeus",4,1,NA,NA,NA,NA,NA,NA,NA,NA,NA,NA,NA,NA,NA,NA,NA,NA,NA,NA,NA,NA,NA,0,0,0,0,0,0,0.324361017839245,0.324361017839245,0.324361017839245,0.324361017839245,0.324361017839245,0.324361017839245,0.0182391288723236,0.0182391288723236,0.0182391288723236,0.0182391288723234,0.0182391288723236,0.0182391288723236,NA,NA,NA,NA,NA,NA,NA,NA
"Romanogobio_albipinnatus","Romanogobio_albipinnatus",23,1,NA,NA,NA,NA,NA,NA,NA,NA,NA,NA,NA,NA,NA,NA,NA,NA,NA,NA,NA,NA,NA,NA,NA,NA,NA,NA,NA,NA,NA,NA,NA,NA,NA,NA,NA,NA,NA,NA,0.489405350465031,-0.484295767874188,0.315763186864094,0.21521327087722,-0.39083186590887,NA,NA,NA,NA
"Rutilus_aula","Rutilus_aula",4,1,NA,NA,NA,NA,NA,NA,NA,NA,NA,NA,NA,NA,NA,NA,NA,NA,NA,NA,NA,NA,NA,-0.1793413091552,-0.1793413091552,-0.1793413091552,-0.1793413091552,-0.1793413091552,-0.1793413091552,-0.199049928986,-0.199049928986,-0.199049928986,-0.199049928986,-0.199049928986,-0.199049928986,0,0,0,0,0,0,NA,NA,NA,NA,NA,NA,NA,NA
"Rutilus_basak","Rutilus_basak",21,1,NA,NA,NA,NA,NA,NA,NA,NA,NA,NA,NA,NA,NA,NA,0.0167554970774364,0.0166247670857238,0.0163810495622934,0.0160287801221446,0.0155679587652764,0.0149985854916885,0.0143350657107557,0.0136424914252369,0.0129684568726514,0.0123350837113485,0.0117505959995599,0.0112133331303426,0.01071371695006,0.0102055374744214,0.00962675264500534,0.00892912143290525,0.00810679711818874,0.00717365404857651,0.00614850834989822,0.00510999619398778,0.00415783047210971,0.00338038410262476,0.0028322594934771,0.00251792941513918,0.00239042528938893,0.0023705725495502,0.00238173913181638,NA,NA,NA,NA,NA,NA
"Rutilus_rutilus","Rutilus_rutilus",182,1,-0.00202650466596532,-0.00202650466253962,-0.00202650466002119,-0.00202650465876042,-0.00202650465868404,-0.00202650465934884,-0.00202650466016152,-0.00202650466065091,NA,NA,NA,NA,NA,NA,NA,NA,NA,-0.00601685032186949,-0.0283280457271619,-0.0191728842706999,0.00512934568345695,0.0874117463498527,0.0539173610048357,0.0130850142061295,-0.156300235392372,0.00421923321595052,0.0390822528344159,-0.0946242887800662,0.00457204070117643,0.0270948494224591,-0.0113890417984061,-0.138322651889688,0.0116645699458149,0.0211057861337201,0.0249877876268258,0.00586252960783549,-0.000258088753487221,-0.00299187251158523,0.636822097587174,0.198128331503648,-0.122251153924634,-0.069153456364938,0.0751677678274542,-0.614395436058539,NA,NA,NA
"Salaria_fluviatilis","Salaria_fluviatilis",2,1,NA,NA,NA,NA,NA,NA,NA,NA,NA,NA,NA,NA,NA,NA,NA,NA,NA,NA,NA,NA,NA,NA,NA,NA,-0.219666346915131,-0.219666346915131,NA,NA,NA,NA,NA,NA,NA,NA,NA,NA,NA,NA,NA,NA,NA,NA,NA,NA,NA,NA,NA
"Salmo_marmoratus","Salmo_marmoratus",144,1,NA,NA,NA,NA,NA,NA,NA,NA,NA,NA,NA,NA,NA,NA,NA,NA,NA,NA,NA,NA,NA,NA,NA,NA,NA,NA,-0.226688722398179,-0.188454163660214,-0.215929482669735,-0.00862530479926527,0.126474825872587,0.107724412324892,0.010520493942924,-0.00833611109179331,-0.0121377369176759,-0.026994168877181,-0.0713769782807955,-0.112472352892168,-0.0940652202567442,-0.00891974197962002,0.0781509579375368,0.0942149875226636,0.0381344990808279,-0.0201255892850255,NA,NA,NA
"Salmo_salar","Salmo_salar",689,1,0.00736630392088672,0.0861003837812988,0.113963368916956,0.0390451223513291,-0.0179900193885938,-0.102694252945845,0.0254467796710373,0.0108197847006452,-0.0326725780649201,0.0012236601157974,0.0168403253463667,0.0213775106211224,0.00467889497452657,0.0197398113432126,0.0446636949273981,0.0635266506372055,0.0242711643142915,-0.029555635178746,-0.162415283585549,0.0202351053967971,-0.0183795513016784,0.121303827116649,0.0624790932917375,0.097090022961858,0.11132614740248,0.135358262929695,0.140098974486189,0.232293448132619,0.109647105061339,0.060420376472301,0.0730250045242015,0.0752481958916612,0.0317367404802901,-0.0228506443408625,0.011856332782934,0.0744995342081771,0.0760689027648091,0.0546437667158686,0.0313328913278298,0.0423677120573879,0.00844078606918878,-0.0529154015245317,-0.00225502031995439,0.147314409067202,0.12691238333435,0.0572319979156443,0.0627218459454738
"Salmo_trutta","Salmo_trutta",846,1,-0.0153418459578145,-0.0193231041624249,-0.0265020984154162,-0.0342416944349953,-0.0382032880407413,-0.037541586071375,-0.0205131173010188,-0.00716862783163286,0.00190388842915228,0.00420140995052947,0.0090389052037863,0.01319562259947,0.0558008106693778,-0.0242407271551345,-0.0219667351495612,-0.0205740733322077,0.00461316687715993,0.0352013222975517,-0.00611138530970793,0.0282675959052488,-0.00493271816080012,0.0913009922251187,0.085196470618951,0.0651401158458312,0.0286948872210055,0.028842877855333,0.0274431883462542,0.0454382867489286,0.00132515297729494,0.00278530134779799,0.0287113343563731,0.0246711516934696,0.0101036464196589,0.134528469018884,0.105505868946467,0.0363881382738553,0.011578765990048,-0.214929835493955,-0.128352717169792,-0.0161166038641022,-0.12243076851759,-0.0602646894789316,-0.0118316458443484,-0.109803187886615,-0.111343413618808,-0.112281410543944,-0.112708684002006
"Salvelinus_alpinus","Salvelinus_alpinus",50,1,NA,NA,NA,NA,NA,NA,NA,NA,NA,NA,NA,NA,0.128666609127543,-0.229336771008906,-0.135828442192756,-0.140978238935497,-0.223670422232779,0.0826073826352012,0.0659253584808626,0.0909738131805077,-0.10137451612211,-0.0907416339784,-0.0874099592497682,-0.090462739206645,-0.102742609929286,-0.00821276944088645,-0.0498075801328624,-0.0763921366804541,-0.0856625358359877,-0.0874366183971176,-0.0905121040629739,-0.0952521766160179,-0.0811419433934546,-0.084270187097121,NA,NA,NA,NA,NA,NA,NA,NA,NA,NA,NA,NA,NA
"Sander_lucioperca","Sander_lucioperca",125,1,NA,NA,0.0803483149202553,-0.0344987633823751,-0.112537148636205,-0.0140465864803943,0.192807493757385,0.274940856913085,0.0817137846991731,-0.278852874054679,-0.00562158004385604,0.00545388800025733,0.0892359841082897,0.170174060160885,0.188088786987579,0.137877883882677,0.0570820397466429,-0.0106996160114468,0.0583996558803681,0.0101412174081301,-0.0232280684994117,0.0697368576816619,0.0462397519895106,0.19111199849965,-0.0584727536003351,0.102399822405583,0.103989551606897,0.145402407236187,0.0198229275301095,0.0508221415193866,-0.0922861310623125,-0.156403003003399,0.0180136436628844,0.03146481134993,0.0111472542040097,-0.0161999021105568,-0.0402464984360207,-0.0544752903855374,-0.0595706359813164,NA,NA,-0.683868769360983,-0.236504630959776,0.584541732330496,NA,NA,NA
"Scardinius_erythrophthalmus","Scardinius_erythrophthalmus",32,1,NA,NA,NA,NA,NA,NA,NA,NA,NA,NA,NA,NA,NA,NA,NA,NA,NA,0.3938818674022,0.344905271689244,0.231044214203327,0.0838802770438094,-0.103995606421538,-0.130304607912591,-0.150253245737311,-0.195891279793357,-0.106150008508259,-0.112909542844339,-0.0479149530150431,0.0228184331419447,0.0755231246897376,-0.0785486185098231,-0.303036177414327,-0.078548618509823,-0.109596219862966,-0.109596219862966,-0.109596219862966,-0.109596219862966,-0.109596219862966,-0.109596219862966,NA,NA,NA,NA,NA,NA,NA,NA
"Silurus_glanis","Silurus_glanis",18,1,NA,NA,NA,NA,NA,NA,NA,NA,NA,NA,NA,NA,NA,NA,NA,NA,NA,NA,NA,NA,NA,0.182439699518575,0.182439699518575,0.182439699518575,0.182439699518575,0.142557908066125,0.142557908066125,0.0655217205963439,0.0655217205963439,0.0655217205963442,-0.0486688628907679,-0.460067804204033,-0.0486688628907674,0.0420479419256405,0.0420479419256408,0.0420479419256405,0.0420479419256408,0.0420479419256405,0.0420479419256408,NA,NA,NA,NA,NA,NA,NA,NA
"Squalius_alburnoides","Squalius_alburnoides",2,1,NA,NA,NA,NA,NA,NA,NA,NA,NA,NA,NA,NA,NA,NA,NA,NA,NA,NA,NA,NA,NA,NA,NA,NA,0.156915590414354,0.156915590414353,NA,NA,NA,NA,NA,NA,NA,NA,NA,NA,NA,NA,NA,NA,NA,NA,NA,NA,NA,NA,NA
"Squalius_cephalus","Squalius_cephalus",67,1,NA,NA,NA,NA,NA,NA,NA,NA,NA,NA,NA,NA,NA,NA,NA,NA,NA,NA,NA,NA,NA,-0.225159069103475,-0.225159069103475,-0.225159069103475,-0.225159069103475,-0.0111554906402767,-0.0111554906402767,0.0077181741001097,0.00771817410010974,0.0077181741001097,-0.0517031639074353,-0.0517031639074354,-0.0648726440979839,0.024533234047314,0.00576397264795455,-0.0847959961249836,0.034189062896509,-0.0821218539597371,-0.557070446803701,0.0233975005285958,0.136801073335344,-0.0648881050119866,-0.271459908345796,NA,NA,NA,NA
"Squalius_laietanus","Squalius_laietanus",6,1,NA,NA,NA,NA,NA,NA,NA,NA,NA,NA,NA,NA,NA,NA,NA,NA,NA,NA,NA,NA,NA,NA,NA,NA,NA,NA,NA,NA,NA,NA,NA,NA,0.158964431996257,0.158964431996257,0.158964431996257,0.158964431996257,0.158964431996257,0.158964431996257,0.158964431996257,-0.0285230274789816,-0.0285230274789818,-0.0285230274789816,NA,NA,NA,NA,NA
"Squalius_pyrenaicus","Squalius_pyrenaicus",2,1,NA,NA,NA,NA,NA,NA,NA,NA,NA,NA,NA,NA,NA,NA,NA,NA,NA,NA,NA,NA,NA,NA,NA,NA,0.250405048637902,0.250405048637902,NA,NA,NA,NA,NA,NA,NA,NA,NA,NA,NA,NA,NA,NA,NA,NA,NA,NA,NA,NA,NA
"Thymallus_thymallus","Thymallus_thymallus",14,1,NA,NA,NA,NA,NA,NA,NA,NA,NA,NA,NA,NA,NA,NA,NA,NA,NA,NA,NA,NA,NA,NA,NA,NA,NA,NA,NA,NA,NA,NA,NA,NA,NA,NA,NA,NA,NA,NA,-0.283996656365201,-0.171265214263735,-0.000761998469288372,-0.000629345293177819,-0.013857826539923,0.053078596917923,0.0721496958626562,0.0779432417550669,NA
"Tinca_tinca","Tinca_tinca",27,1,NA,NA,NA,NA,NA,NA,NA,NA,NA,NA,NA,NA,NA,NA,0,0.437669494036202,0.437669494036202,0.437669494036202,0.437669494036202,0.437669494036202,-0.156076235067637,-0.122158632254844,-0.584745816444451,0.264055542090712,-0.103916686863932,-0.136810118659907,-0.136810118659907,-0.146458990903928,-0.146458990903927,-0.146458990903928,-0.123214431351973,-0.0751597503234045,-0.123214431351973,-0.0191708704194814,-0.0191708704194814,-0.0191708704194814,-0.0191708704194814,-0.0191708704194813,-0.0191708704194814,-0.0383417408389628,-0.0383417408389628,-0.0383417408389628,-0.0383417408389626,-0.0383417408389628,NA,NA,NA
"Vimba_vimba","Vimba_vimba",20,1,NA,NA,NA,NA,NA,NA,NA,NA,NA,NA,NA,NA,NA,NA,NA,NA,NA,NA,NA,NA,NA,NA,-0.0737823231365232,-0.0737823231360955,-0.536891161567653,0.245244553652092,0.106941855486224,0.00699215521760854,0.0714303898072638,-0.360987017766407,NA,NA,-0.0579294720467147,-0.148734612415425,-0.199220557006742,NA,NA,NA,NA,NA,NA,NA,NA,NA,NA,NA,NA
"Zingel_zingel","Zingel_zingel",5,1,NA,NA,NA,NA,NA,NA,NA,NA,NA,NA,NA,NA,NA,NA,NA,NA,NA,NA,NA,NA,NA,NA,NA,NA,NA,NA,NA,NA,NA,NA,NA,NA,NA,NA,NA,NA,NA,NA,0,0,1,-0.425968732272281,-0.698970004336019,NA,NA,NA,NA
