"","SpeciesSSet","Freq","1970","1971","1972","1973","1974","1975","1976","1977","1978","1979","1980","1981","1982","1983","1984","1985","1986","1987","1988","1989","1990","1991","1992","1993","1994","1995","1996","1997","1998","1999","2000","2001","2002","2003","2004","2005","2006","2007","2008","2009","2010","2011","2012","2013","2014","2015"
"Alces_americanus","Alces_americanus",268,1,0.0352652654944632,0.0975259617745637,0.0696105192862931,0.061445241554504,0.0250594250275028,0.0205502804244304,-0.0411970809784453,-0.0417992659230008,-0.0586870176332949,0.0335749862656894,0.0292226428863905,0.0315434747446386,0.026007805977541,-0.00357745732029102,-0.187595142126455,0.00301069710557811,0.0996250216389596,0.0358775983173016,-0.00913464358368649,-0.00483658673207957,-0.000266467341431065,0.0115264045656752,0.0112825972414669,0.00805479054395601,-0.00112997319866119,-0.00604703178683285,-0.00675123257815292,0.0042298003032715,-4.10015421768936e-05,0.0112558303821301,0.0126407129965847,0.0115956567879846,0.00664980477174932,-0.0265013034595567,0.00893749986685472,-0.00368297822386097,-0.00226022466595324,-0.00722668802114997,-0.0080579329030507,-0.011825339642694,-0.00344159107249689,-0.00384790144416771,0.0194528592403793,-0.0259258326915508,-0.0303052160849284
"Antilocapra_americana","Antilocapra_americana",122,1,0.000155533769406061,0.000155533769406505,0.000155533769406505,0.000155533769405913,0.00808182591801454,-0.0176622874629176,-0.0468704701900152,-0.0443233763588741,-0.0203603186568637,0.0253281354536509,0.15863326776886,0.15104719406129,0.067638680907087,-0.0165199839901526,-0.0462797489929635,-0.0257782303725003,0.0104094829520105,0.0383261417165194,0.0505051956823596,0.0449197817607905,0.0270978787452278,-0.0265990996119549,-0.0331103396199638,-0.0361254090237317,-0.0479944637515904,-0.0351436371764598,-0.0371067089428114,-0.0692537492086208,-0.0217781168106128,-0.00472969417268176,-0.00700494897363035,-0.00107113383926705,0.0152539950199758,0.0385626318870187,0.03785615632684,0.0257838422565945,0.0119232200264245,-0.0076428707609274,-0.0358983335636835,-0.0195781977904852,-0.357875635830869,0.0953147528187213,0.00574866598072399,0.0652959188008064,NA
"Bison_bison","Bison_bison",401,1,0.0466040011335443,0.021306051992516,0.0238280051051421,0.0292519403907434,0.0190281836734877,0.0206499457659877,0.026049377590553,0.0299276717584337,0.0342198578448768,0.0044502537612725,-0.013626362226629,0.0316603907479293,0.033688758336401,0.00280547278737406,-0.0127945323348667,0.047743991029835,0.050298499760086,-0.0363024147273361,0.0630323555509786,0.0270768012657934,0.00648826162705594,0.0147890709958257,0.00507988854193404,0.0104334121585032,0.0200551249632743,0.0223669056100357,-0.0103948432132423,0.0502540984057469,0.0128812925682332,0.021072016147684,0.0328715170311646,0.0379409125667355,0.0625828709628992,0.0396064712639816,0.030550334516048,0.0385571034768151,0.0298092413607917,0.0115547349580844,0.0063240487524594,-0.000333690983322477,-0.0043993941765943,-0.00896749268183922,-0.119570721437373,-0.0348105379096135,NA
"Blarina_brevicauda","Blarina_brevicauda",74,1,-0.00554512439110344,-0.0100196158177058,-0.013762623980048,-0.0180000690823583,-0.0227589541269423,-0.0262482041830694,-0.00954164794926449,-0.0201382147737791,-0.0359892974482741,-0.0238171299914092,-0.016020452737267,0.00159275390895092,0.0203977222945275,0.034029854378387,0.0420258903672751,0.0449537552903738,0.0411505572293022,0.0302688342651686,0.0154226427139101,-0.00155612257557214,-0.0164105497443231,-0.0274167270802321,-0.0352686310951648,-0.0405126071366951,-0.0430531621836603,-0.00442056599479257,-0.00442056599483887,-0.00442056599487872,-0.00442056599490182,NA,NA,NA,NA,NA,NA,NA,NA,NA,NA,NA,NA,NA,NA,NA,NA
"Canis_latrans","Canis_latrans",238,1,-0.184980448353355,0.172545984878278,0.168707463462307,-0.0220774157027781,0.0998014399359758,0.0257659970893357,0.0198021931934558,-0.00806035382418245,-0.0191007259919389,0.0396859491858252,0.0380924683454146,-0.0347365626062934,-0.0330058046808973,-0.029350287319463,-0.0238595201927479,-0.0747134357076418,0.042133874275005,-0.0279704413338378,0.0614135182119726,0.0889623044999693,0.0807599491057268,0.0215367040843079,-0.0667049115741457,-0.107874256279023,0.0711223807672427,0.113095392407886,0.107177993271062,0.094528816260263,0.00916518833802734,-0.0354049507685163,-0.364126392550089,0.372568696226336,-0.150104357989006,-0.0411427853201239,0.0560615581443047,0.177652786680176,0.211670749256362,0.0767990761336081,-0.365200715016194,0.0219381386175016,-0.706580152242745,0.238764776356734,0.326012735454038,NA,NA
"Canis_lupus","Canis_lupus",250,1,0.0228946369627174,0.0437792802201484,0.0598072829487717,0.0655177872639152,0.0574957320996088,0.00438588513231053,-0.00521250225327777,-0.0144808350653225,-0.0258518722448117,-0.0395641666526532,-0.0497209793733607,-0.0495049555744138,-0.0401565476589993,-0.0138684171253621,-0.0112987836743276,0.00837254055538142,0.0160978960361079,0.0132080205641489,0.0109029717235261,0.00824335538001919,-0.0141674982287187,-0.0194966763596318,0.00657513658622173,0.00377856807020552,0.00715745022929235,0.00462745704110663,-0.00280401025789616,-0.00659394470145216,-0.136723122528636,0.0725550375851105,0.149154431359592,-0.0534707871286623,-0.12285878157847,0.0261401097651481,0.151991940898333,0.156506136570637,0.0492866137651199,-0.0509908435416851,NA,NA,NA,NA,NA,NA,NA
"Cervus_elaphus","Cervus_elaphus",261,1,-0.0583374175594469,-0.0583374175594469,-0.0583374175594464,-0.0583374175594469,-0.0583374175594464,0.0698209922278124,0.0698209922278124,0.0698209922278124,0.0698209922278124,0.0698209922278124,0.0698209922278124,0.0698209922278124,0.0698209922278128,0.0297676264087526,-0.00514286970515351,0.053937120783382,0.0255813716965483,0.0199596013593926,0.0123081132595002,0.00805105535525292,0.0110681670441534,0.0126954210650886,0.0146250122610127,0.0107761752919989,-0.00364150701039657,-0.0100071800767592,-0.0123493953587424,-0.00759040602056622,-0.0014938447572978,-0.000991911127783793,-0.00223096416047091,-0.00990753285771873,-0.00975210853013577,0.0060793613868329,0.0176683404031741,0.0156679891965336,0.0074983055541166,-0.00189577080617425,0.0192843748661021,0.0158559966742272,0.016961128150861,0.0217860082506803,0.0223897933111922,0.0258833642604069,NA
"Chaetodipus_intermedius","Chaetodipus_intermedius",10,1,NA,NA,NA,NA,NA,NA,NA,NA,NA,NA,NA,NA,NA,NA,NA,NA,NA,NA,NA,-0.0307996413777538,-0.0307996413772876,-0.0307996413766729,-0.0307996413762521,-0.0307996413760088,-0.0307996413756044,-0.0307996413747873,-0.0307996413737505,-0.0307996413730361,NA,NA,NA,NA,NA,NA,NA,NA,NA,NA,NA,NA,NA,NA,NA,NA,NA
"Chaetodipus_penicillatus","Chaetodipus_penicillatus",10,1,NA,NA,NA,NA,NA,NA,NA,NA,0.0320301721601238,0.0320301721606902,0.0320301721614893,0.0320301721620396,0.0320301721621322,0.0320301721619533,0.0320301721618361,0.0320301721619243,0.0320301721620726,NA,NA,NA,NA,NA,NA,NA,NA,NA,NA,NA,NA,NA,NA,NA,NA,NA,NA,NA,NA,NA,NA,NA,NA,NA,NA,NA,NA
"Chaetodipus_spinatus","Chaetodipus_spinatus",4,1,NA,NA,NA,NA,NA,NA,NA,NA,NA,NA,NA,NA,NA,NA,NA,NA,NA,NA,NA,NA,NA,NA,NA,NA,NA,NA,NA,NA,NA,-0.213415582079493,0,0,0.109247553804384,0.109247553804384,NA,NA,NA,NA,NA,NA,NA,NA,NA,NA,NA
"Corynorhinus_townsendii","Corynorhinus_townsendii",25,1,NA,NA,NA,NA,NA,NA,NA,NA,NA,NA,NA,NA,NA,NA,NA,NA,NA,NA,0.148002152458712,0.117510301680659,0.0695044436070251,0.0270697688483574,0.00344616576224821,-0.00427757967508535,-0.00466790401713668,-0.00202544117041947,0.00326213217205629,0.00999529931100618,0.0152317823983106,0.0162890831471452,0.0113699896681401,-1.19016907240699e-05,-0.0140070411378059,-0.020870764383659,-0.0113761591619927,0.0126078933804341,0.0366541805897094,0.0463931233953492,0.041022153769894,0.0317504257400669,0.0278417834338787,0.0283625836022141,NA,NA,NA
"Cynomys_ludovicianus","Cynomys_ludovicianus",8,1,NA,NA,NA,NA,NA,NA,NA,NA,NA,NA,NA,NA,NA,NA,NA,NA,NA,NA,NA,NA,NA,NA,NA,NA,NA,NA,NA,NA,NA,NA,NA,NA,NA,NA,NA,NA,NA,-0.119273095996568,-0.119273095996326,-0.119273095995863,-0.119273095995273,-0.119273095994684,-0.119273095994224,-0.119273095993985,NA
"Cynomys_mexicanus","Cynomys_mexicanus",10,1,NA,NA,NA,NA,NA,NA,NA,NA,NA,NA,NA,NA,NA,NA,NA,NA,NA,NA,NA,NA,NA,NA,NA,NA,NA,NA,NA,NA,NA,0.0771433798367373,-0.114393858628499,NA,-0.0127992089874964,NA,NA,NA,NA,NA,NA,NA,NA,NA,NA,NA,NA
"Dicrostonyx_groenlandicus","Dicrostonyx_groenlandicus",181,1,NA,-0.477742118988238,0.109765333693643,NA,NA,NA,NA,NA,NA,NA,NA,NA,NA,NA,NA,NA,NA,NA,-0.0152573596284091,-0.0152573596284782,-0.0159552502810695,-0.215222998450573,-0.0254203551418646,-0.0425249442336184,0.453264287056632,0.460436073453832,-0.511302566590621,0.153196464475942,0.232425902103732,0.166642373960109,-0.332028538794298,-0.212771716323363,0.0969203151965225,-0.0141907959141641,-0.0125613590889574,-0.051797232151708,-0.104637820867273,0.24445028581463,-0.344899738634806,0.493828173871568,-0.0123436522546521,-0.0123436522529707,-0.0123436522519298,-0.012343652251487,NA
"Dipodomys_merriami","Dipodomys_merriami",10,1,NA,NA,NA,NA,NA,NA,NA,NA,0.0465137836999274,0.0476882934047589,0.0476604574185326,0.0439421138216611,0.036486395067777,0.0279315160257982,0.0215088332852358,0.0186003606255551,0.0180818602833555,NA,NA,NA,NA,NA,NA,NA,NA,NA,NA,NA,NA,NA,NA,NA,NA,NA,NA,NA,NA,NA,NA,NA,NA,NA,NA,NA,NA
"Dipodomys_ordii","Dipodomys_ordii",17,1,NA,NA,NA,NA,NA,NA,NA,NA,0.186263842262039,0.175661560697614,0.152249248820052,0.11905172577248,0.0847650409239401,0.0592214746187623,0.047535243391714,0.0470365576605347,0.0499010904421371,NA,NA,NA,NA,NA,NA,NA,NA,NA,NA,NA,NA,NA,NA,NA,NA,NA,NA,-0.0479564546606134,0.106934314619951,-0.131887596563628,0.0336831132025725,-0.0503430264405956,0.127358210731713,NA,NA,NA,NA
"Dipodomys_spectabilis","Dipodomys_spectabilis",10,1,NA,NA,NA,NA,NA,NA,NA,NA,-0.0653443023236282,-0.0653443023238365,-0.0653443023243698,-0.0653443023251936,-0.065344302326044,-0.0653443023265707,-0.0653443023266016,-0.0653443023262894,-0.065344302326001,NA,NA,NA,NA,NA,NA,NA,NA,NA,NA,NA,NA,NA,NA,NA,NA,NA,NA,NA,NA,NA,NA,NA,NA,NA,NA,NA,NA
"Eptesicus_fuscus","Eptesicus_fuscus",3,1,NA,NA,NA,NA,NA,NA,NA,NA,NA,NA,NA,NA,NA,NA,NA,NA,NA,NA,NA,NA,NA,NA,NA,NA,NA,NA,NA,NA,NA,NA,NA,NA,NA,NA,NA,NA,NA,NA,NA,NA,NA,-0.8750612633917,NA,NA,NA
"Erethizon_dorsata","Erethizon_dorsata",21,1,-0.0531592945783737,-0.0531592945793553,-0.0531592945804406,-0.0531592945812815,-0.0531592945816921,NA,NA,NA,NA,NA,NA,NA,NA,NA,NA,NA,NA,NA,NA,NA,NA,NA,NA,NA,NA,0.00880941793657009,0.00622418616647868,-0.00172290730169689,-0.0159714263265884,-0.0333071619407888,-0.0479276801184263,-0.0554957641996083,-0.0563269210670181,-0.0547299689920735,NA,NA,NA,NA,NA,NA,NA,NA,NA,NA,NA
"Glaucomys_sabrinus","Glaucomys_sabrinus",46,1,0.00858684413031274,-0.0103124956862541,-0.133687417160061,-0.314620044240631,-0.448479528028534,-0.0318202256018625,-0.0318202256018611,-0.0318202256018253,-0.0318202256017668,-0.0318202256017133,-0.0318202256016828,-0.0318202256016705,-0.031820225601658,-0.0318202256016309,-0.0318202256015831,-0.0318202256015102,-0.0318202256014118,-0.0318202256012989,-0.0318202256011938,-0.0318202256011065,-0.0318202256010593,NA,NA,NA,NA,NA,NA,-0.0966968972033857,0.394767442227966,0.132721904636824,0.237491775233618,-0.157607853361668,NA,-0.929418925714293,NA,NA,NA,NA,NA,NA,NA,NA,NA,NA,NA
"Gulo_gulo","Gulo_gulo",18,1,NA,NA,NA,NA,NA,NA,NA,NA,NA,NA,NA,NA,NA,NA,NA,NA,0.0406742641076927,0.0406742641080353,0.0406742641083923,0.0406742641082835,0.0406742641075369,0.040674264106511,0.0406742641058198,NA,NA,NA,-0.0280287236002436,-0.176091259055681,NA,NA,NA,NA,NA,NA,-0.0657223974405791,-0.0599259633686214,-0.0599259633686214,-0.0599259633686214,-0.0599259633686214,-0.0599259633686214,-0.0599259633686213,NA,NA,NA,NA
"Lasionycteris_noctivagans","Lasionycteris_noctivagans",7,1,NA,NA,NA,NA,NA,NA,NA,NA,NA,NA,NA,NA,NA,NA,NA,NA,NA,NA,NA,NA,NA,NA,NA,NA,NA,NA,NA,NA,NA,NA,-0.425968732272281,0.250301175284593,0.250301175284593,-0.676693609624866,-0.301029995663981,0.929418925714293,0.554880913632493,NA,NA,NA,NA,NA,NA,NA,NA
"Lasiurus_borealis","Lasiurus_borealis",8,1,NA,NA,NA,NA,NA,NA,NA,NA,NA,NA,NA,NA,NA,NA,NA,NA,NA,NA,NA,NA,NA,NA,NA,NA,NA,NA,NA,NA,NA,NA,1,-0.907409080027797,-0.907409080027797,0,0,1,0.0785114075600228,NA,NA,NA,NA,NA,NA,NA,NA
"Lasiurus_cinereus","Lasiurus_cinereus",8,1,NA,NA,NA,NA,NA,NA,NA,NA,NA,NA,NA,NA,NA,NA,NA,NA,NA,NA,NA,NA,NA,NA,NA,NA,NA,NA,NA,NA,NA,NA,-1,0,0,1,-1,1,0.749654212577453,NA,NA,NA,NA,NA,NA,NA,NA
"Lemmus_trimucronatus","Lemmus_trimucronatus",92,1,-0.0679797217599727,0.10808869164675,-0.233090244830195,-0.0231779554579866,NA,NA,NA,NA,NA,NA,NA,NA,NA,NA,NA,NA,NA,NA,NA,NA,0.0348525634170471,0.0169614253816608,-0.0154626654343857,-0.0637357332677194,-0.103507298441907,-0.110931474362699,-0.111194674715374,-0.0864581294769467,-0.0449828962671998,-0.045206750795528,0.0237375877284624,-0.302143736690407,-0.0513052083225639,-0.0470073141149839,-0.231895288224856,-0.27026311247213,0.0299017865040972,0.523236323586278,-0.450791605962133,0.577929126845803,0.213903084675015,0.264985425322859,0.301329287971805,0.318771718532985,NA
"Lepus_americanus","Lepus_americanus",325,1,0.0191359021458638,-0.213820143673781,-0.434291382916571,-0.61369924347162,-0.366996835571511,-0.197900066345411,-0.214666909821157,0.409836582729443,0.407293390527973,0.228030592142214,-0.0887807878977401,-0.381585683588874,-0.415013853447849,-0.18086800027733,0.0097638026199534,0.0683636984505691,0.116315341407846,0.216790362810747,0.14619172715421,0.024194407090994,-0.17261548344449,-0.290034074718094,-0.16386576431738,0.0578726598034672,0.16430935142101,0.150378695094974,0.0705943677165605,0.0527432900171704,-0.0371230398489459,-0.0858487870581706,-0.155958694005342,-0.113819117273196,-0.0024135897348529,0.0887708516834063,0.0919510600298853,0.0520132951485466,0.0288512949256252,0.00828749992689304,-0.0187389414878121,-0.121769732779338,-0.0864538727426686,0.0173690778207865,0.0515103062644436,-0.116047802998333,NA
"Lepus_arcticus","Lepus_arcticus",11,1,NA,NA,NA,NA,NA,NA,NA,NA,NA,NA,NA,NA,NA,NA,NA,NA,NA,NA,NA,NA,NA,NA,NA,NA,NA,NA,NA,-0.0723150515857904,-0.0723150515858952,-0.0723150515858593,-0.0723150515853923,-0.0723150515844135,-0.0723150515830222,-0.0723150515813276,-0.0723150515794833,-0.0723150515778526,-0.0723150515769229,NA,NA,NA,NA,NA,NA,NA,NA
"Lepus_townsendii","Lepus_townsendii",19,1,NA,NA,NA,NA,NA,NA,NA,NA,NA,NA,NA,NA,NA,NA,NA,NA,NA,-0.0657006833000489,-0.096272546314093,-0.137755199349629,-0.163342697602643,-0.165628958794964,-0.156085593716998,-0.138241212935184,-0.091704329891499,0.00689457513813574,0.144583529558773,0.260020867802548,0.279360840439552,0.169730677204676,-0.0384886169619514,-0.276114377534806,-0.477989394787513,-0.609035715546711,-0.666536608614011,NA,NA,NA,NA,NA,NA,NA,NA,NA,NA
"Lynx_canadensis","Lynx_canadensis",53,1,NA,NA,NA,NA,NA,NA,NA,NA,NA,NA,NA,NA,NA,NA,NA,NA,NA,0.351781540454788,0.366057123440171,0.273778321744211,0.0730729188768651,-0.363991855411486,-0.198825058974437,-0.383918050268361,-0.0597841965504399,0.175374661385166,0.329574606765424,0.275390994175607,-0.00885887762675486,-0.380161813030139,-0.602551453635081,-0.347078225239534,-0.0253748885684617,0.247087754400585,0.307489414954399,0.19529220944869,0.062919023256085,-0.00429801295270194,-0.0339816822782992,-0.061835001124231,-0.0628571767950068,-0.0139725533723087,0.0401554501496186,NA,NA
"Lynx_rufus","Lynx_rufus",22,1,NA,NA,NA,NA,NA,NA,NA,NA,NA,NA,NA,NA,NA,NA,NA,NA,NA,0.0395696873777935,0.0395696873778135,0.0395696873778097,0.0395696873777454,0.039569687377613,0.0395696873774323,0.0395696873772091,0.0395696873769438,0.0395696873766591,0.0395696873764037,0.039569687376214,0.0395696873760869,0.0395696873759964,0.039569687375924,0.0395696873758704,0.039569687375841,0.0395696873758308,0.0395696873758308,NA,NA,NA,NA,NA,NA,NA,NA,-0.0621479067488449,-0.0627908298594551
"Marmota_flaviventris","Marmota_flaviventris",56,1,-0.0583156723324581,-0.0778374827517775,NA,NA,NA,NA,NA,NA,NA,NA,NA,NA,NA,NA,NA,NA,NA,NA,NA,NA,0.00780204792620331,-0.0231383940010428,-0.0658299724000304,-0.0892315988782526,-0.0761753426810168,-0.0358152675136956,0.00669656320055245,0.0303310557556085,0.0304505861431925,0.0162454727088273,0.00035319326881611,-0.00887096481833649,NA,NA,NA,NA,NA,NA,NA,NA,NA,NA,NA,NA,NA
"Marmota_vancouverensis","Marmota_vancouverensis",32,1,NA,NA,NA,NA,0.0466541859957004,0.0358580340891219,0.011439869696015,-0.0117058778174495,-0.00736212779512257,0.0273864896171157,0.0591394329008259,0.0535996366340772,0.0147816259324123,-0.0248606617404152,-0.0367305264799358,-0.0413101027376854,-0.0457588725373601,-0.0486447923991609,-0.0465669040634338,-0.0410158436767868,-0.0358598023832517,-0.0325950081939342,-0.0318874447580562,-0.0358341136131717,-0.0442192026451753,-0.0511846936692645,-0.0502816650477197,-0.106655568677963,-0.0663402080275542,-0.184055967835051,NA,NA,NA,NA,NA,NA,NA,NA,NA,NA,NA,NA,NA,NA,NA
"Martes_americana","Martes_americana",104,1,-0.000855406100118028,-0.0211401384488927,-0.00389268756636074,-0.0117049120287274,-0.0116766502634442,0.000513118836200199,0.0205638445133491,0.0378604420742858,0.0443191993081096,0.039418243030009,0.0278026863642433,0.0147764925006182,0.00415577426417935,-0.00236057093042952,-0.0228579525943313,-0.0239984065384027,-0.0234213850315359,-0.0128374832978152,0.018360149192867,0.0170007895515595,0.0166078013604757,0.0252051723294782,0.0386369476284368,0.0171482660960893,-0.0486113359709784,-0.140580596743422,-0.17187512420254,-0.100155772746638,0.085916603442269,0.154756256114222,0.175323486216592,0.279192700353315,0.171892206962166,0.0471930425308013,-0.0284944068259123,NA,NA,NA,NA,NA,NA,NA,NA,NA,NA
"Mephitis_mephitis","Mephitis_mephitis",100,1,-0.0376604305723968,-0.0650176719593779,-0.0785555826468028,-0.0881708494972613,-0.0946788093681049,NA,NA,NA,NA,NA,NA,NA,NA,NA,NA,NA,-0.00268120190956129,-0.00137259302112703,-0.000362416769011239,-0.00110389662207221,-0.00311799035139757,-0.00430632908810777,-0.00301614752307094,0.00015813540282054,0.00273863476439678,NA,NA,NA,NA,NA,NA,NA,NA,NA,NA,NA,NA,NA,NA,NA,NA,NA,NA,NA,NA
"Microtus_californicus","Microtus_californicus",42,1,-0.133391801744785,-0.00417290615228427,0.1040692761318,0.138228117824969,0.107328462155654,0.0614258802995427,0.0417275580131207,0.0513243345129506,0.0661498110140809,NA,NA,NA,NA,NA,NA,NA,NA,NA,NA,NA,NA,NA,NA,NA,NA,NA,NA,NA,NA,NA,NA,NA,NA,NA,NA,NA,NA,NA,NA,NA,NA,NA,NA,NA,NA
"Microtus_longicaudus","Microtus_longicaudus",14,1,NA,NA,NA,NA,NA,NA,NA,NA,NA,NA,NA,NA,NA,NA,NA,NA,NA,NA,NA,NA,NA,NA,NA,NA,0.0425024866563938,-0.873568586396745,0.148052053761336,0.0215391939968617,0.0430783879937234,-0.102697638305947,0.0494368659925559,-0.30668781411514,-0.478460806003138,0.0430783879937234,0.0430783879937235,0.0430783879937235,0.0430783879937234,0.0430783879937234,0.0430783879937235,0.0430783879937233,0.0430783879937235,0.0430783879937234,0.0430783879937234,0.0430783879937235,NA
"Microtus_miurus","Microtus_miurus",22,1,NA,NA,NA,NA,NA,NA,NA,NA,NA,NA,NA,NA,NA,NA,NA,NA,NA,-0.0517160535600882,0.00569581841921152,0.0538573220036767,0.0083695207503669,-0.0960966943518318,-0.0797491719789765,0.188991756193882,0.56724422579211,0.692301741152124,0.341622125120567,-0.286697126441695,-0.726543055834453,-0.678969473573663,-0.239542823052699,0.287868751739281,0.678642489574662,0.824986059634729,0.619947571577766,0.0138487834532887,-0.777888295019395,-1,NA,NA,NA,NA,NA,NA,NA
"Microtus_montanus","Microtus_montanus",25,1,0.410223511256559,0.372708090921265,0.283857983355837,0.155697478009279,0.0296091721113832,-0.0572068889462199,-0.100308769725719,-0.116417905466477,-0.111035329872496,-0.0740070753205514,-0.00976914957796206,0.0455359416469932,0.0534193356311717,0.0153980559516812,-0.0287705883436642,-0.0469983016058622,-0.0452220211645091,NA,NA,NA,NA,NA,NA,NA,NA,NA,NA,NA,NA,0.576478003674806,-0.583902021754013,0.0147232568207064,0.882714227620226,-0.645925128210933,0.742835141218989,NA,NA,NA,NA,NA,NA,NA,NA,NA,NA
"Microtus_oeconomus","Microtus_oeconomus",22,1,NA,NA,NA,-0.674610658476574,0.0377885608893997,-0.477121254719662,0.544068044350276,NA,NA,NA,NA,NA,NA,NA,-0.0404530151440166,-0.0438749791632853,-0.047863007334608,-0.0482212126313324,-0.0430148145161757,-0.0335870499055066,0.128717795792032,-0.218345786565091,0.00655553356096306,0.0255952266070616,0.0474432589670348,0.0697521257927232,0.088825177361314,0.101554431708431,0.107196920120766,NA,NA,NA,NA,NA,NA,NA,NA,NA,NA,NA,NA,NA,NA,NA,NA
"Microtus_pennsylvanicus","Microtus_pennsylvanicus",148,1,NA,0.413071075162447,0.243113023207589,-0.536342949094376,-0.202365255089374,-0.0632268998054838,-1,NA,0.545914767082913,0.292863340112428,-0.137274618215253,NA,NA,NA,NA,NA,NA,-1,0.901316411917672,0.490353895922656,0.204083470730295,-0.198263429107217,0.0230285006278801,0.140140376546781,-0.0682885349031789,-0.0971915427285882,-0.0613395457298154,-0.0916726729609452,-0.0845933204592498,0.0036256832203665,0.0375124022999906,-0.00236172293304277,-0.222391183705488,-0.149356109908013,-0.119419443890555,0.023142012804571,0.111993714145081,0.0479454470953688,-0.0586720948390623,-0.100293688587197,-0.0567647526140994,0.0736501329171833,0.176243556836993,0.197401181255942,0.0312125133233416
"Microtus_subterraneus","Microtus_subterraneus",3,1,NA,NA,NA,NA,NA,NA,NA,NA,NA,NA,NA,NA,NA,NA,NA,NA,NA,NA,NA,NA,NA,NA,NA,NA,NA,NA,NA,NA,NA,NA,NA,NA,NA,NA,NA,NA,NA,NA,NA,NA,NA,NA,NA,1,-1
"Microtus_townsendii","Microtus_townsendii",3,1,NA,NA,NA,NA,NA,NA,1,-0.858099862411982,NA,NA,NA,NA,NA,NA,NA,NA,NA,NA,NA,NA,NA,NA,NA,NA,NA,NA,NA,NA,NA,NA,NA,NA,NA,NA,NA,NA,NA,NA,NA,NA,NA,NA,NA,NA,NA
"Microtus_xanthognathus","Microtus_xanthognathus",9,1,NA,NA,NA,NA,NA,NA,NA,NA,NA,NA,NA,NA,NA,NA,NA,NA,NA,NA,NA,NA,NA,NA,NA,1,-0.755149106086285,-1,0.998051031215723,-0.998051031215723,0,0,0,0,0,0,0,0,0,0,0,0,0,0,0,0,NA
"Mus_musculus","Mus_musculus",7,1,NA,NA,NA,NA,NA,NA,NA,NA,NA,NA,NA,NA,NA,NA,NA,NA,NA,NA,NA,NA,NA,NA,NA,NA,NA,NA,NA,NA,NA,-0.139661993429006,-0.20712549279565,-0.098925304243382,0.367976785294594,-0.253257213867981,0.507084478097106,NA,NA,NA,NA,NA,NA,NA,NA,NA,NA
"Mustela_erminea","Mustela_erminea",19,1,-0.0624540622693503,-0.178930345205701,-0.33485086020923,-0.50943768681226,-0.625509295857615,NA,NA,NA,NA,NA,NA,NA,NA,NA,NA,NA,NA,NA,NA,NA,NA,NA,NA,NA,NA,-0.932738390144,1,NA,NA,0.100455753219366,-0.250101740963336,0.325643049969892,-1,NA,NA,NA,NA,NA,NA,NA,NA,NA,NA,NA,NA
"Mustela_frenata","Mustela_frenata",14,1,-0.105033994250397,-0.273525749821655,-0.423994711904908,-0.539509416913187,-0.600435389957361,NA,NA,NA,NA,NA,NA,NA,NA,NA,NA,NA,NA,NA,NA,NA,NA,NA,NA,NA,NA,NA,NA,NA,NA,NA,NA,NA,NA,NA,NA,-0.030668819766452,0.0861861476162833,NA,NA,NA,NA,NA,NA,NA,NA
"Mustela_nivalis","Mustela_nivalis",18,1,NA,NA,NA,NA,NA,NA,NA,NA,NA,NA,NA,NA,NA,NA,NA,NA,NA,NA,0.0452216997056952,0.0451203539853047,0.0448073093018466,0.0440650815794705,0.0426716063549288,0.0406111239380372,0.0381739972882617,0.0357880506153084,0.0337257379019001,0.0319753382307164,0.0303568248288886,0.0286899846920146,0.0268488875870674,0.0247803481605655,0.0226190097238126,0.0207844668602901,0.0197752743286981,NA,NA,NA,NA,NA,NA,NA,NA,NA,NA
"Myodes_gapperi","Myodes_gapperi",145,1,0.000844639417671961,-0.03878107828221,-0.0499509263094478,-0.019390794924653,0.0328789058309378,0.0706594612240773,0.0953274242572461,0.0915034960967018,0.114869091864141,0.152858304173463,0.149326343925953,-0.113392429433024,-0.163026167810906,-0.297424238854807,-0.0852045748948009,-0.100995802438875,-0.110168218398034,-0.540116033289658,0.504796157637549,0.071436237730424,0.0826252546892728,-0.0313175999032861,0.0780309541916295,0.0307651915579016,-0.0169501639779244,-0.0532100380585227,0.0630873177220106,-0.0216190581772577,-0.505433877050062,0.0145551333058559,-0.0108526716583937,0.178581537154508,-0.0322772456649392,-0.0455007121373914,0.0707594259075468,-0.0145099245249081,-0.0978179756768076,-0.162697089932571,-0.196885486164105,-0.0417830221526028,-0.0458061214560721,-0.049113163484374,-0.0514702161419791,-0.0526343226806392,NA
"Myodes_glareolus","Myodes_glareolus",3,1,NA,NA,NA,NA,NA,NA,NA,NA,NA,NA,NA,NA,NA,NA,NA,NA,NA,NA,NA,NA,NA,NA,NA,NA,NA,NA,NA,NA,NA,NA,NA,NA,NA,NA,NA,NA,NA,NA,NA,NA,NA,NA,NA,1,-1
"Myodes_rutilus","Myodes_rutilus",206,1,NA,0.184437368361253,-0.141411467739732,-0.112786792462455,0.266946094886555,-0.317646916802975,0.0190876635515943,0.144452717066323,0.0559479653709211,0.00700490937499465,-0.321686238379173,-0.492842270919667,0.50715772908038,0.113037158017027,-0.338594582843062,0.1280470690924,0.094271639197472,-0.110915450379596,-0.0422232093669405,-0.13655114455517,0.0467979334177545,0.00242346961356713,-0.0714276247520796,0.0565757743079607,0.0192939082358402,-0.0913091178428193,0.099013218405501,-0.105247756624591,-0.050688950678967,0.105226008190585,0.259703040397234,0.116614142470696,-0.355761680129362,0.188131225882326,-0.0334793734444736,-0.0798983216347743,0.137367350220998,0.00755136380546086,-0.234974556463931,0.187717873043356,-0.00996887950943071,-0.0701640101121931,-0.0121549047952416,-0.0350110821443026,NA
"Myotis_keenii","Myotis_keenii",4,1,NA,NA,NA,NA,NA,NA,NA,NA,NA,NA,NA,NA,NA,NA,NA,NA,NA,NA,NA,NA,NA,NA,NA,NA,NA,NA,NA,NA,0.0217192496932364,-0.0107238653917732,-0.185805534974844,-0.185805534974844,NA,NA,NA,NA,NA,NA,NA,NA,NA,NA,NA,NA,NA
"Myotis_lucifugus","Myotis_lucifugus",50,1,NA,NA,NA,NA,NA,NA,NA,NA,NA,NA,NA,NA,NA,NA,NA,NA,NA,NA,NA,NA,NA,NA,NA,NA,NA,NA,NA,NA,-0.00616030870481832,-0.00214031582427376,-0.348392017789878,0.0197711892735066,0.0325068123568633,0.0177004324273925,-0.123499228938454,-0.00289738417575069,-0.0605024892819546,-0.105398421973926,-0.0618468531649169,-0.245416077708159,-0.288159184125568,-0.437435926941914,-0.462531517090756,NA,NA
"Myotis_septentrionalis","Myotis_septentrionalis",16,1,NA,NA,NA,NA,NA,NA,NA,NA,NA,NA,NA,NA,NA,NA,NA,NA,NA,NA,NA,NA,NA,NA,NA,NA,NA,NA,NA,NA,NA,NA,1,-0.267687624484074,-0.267687624484074,0.571157047736619,0.174437530201817,0.0833970981273588,-0.107013362049576,NA,0.0455122269449878,-0.516072331437529,-0.663361457793619,-0.663361457793619,NA,NA,NA
"Myotis_sodalis","Myotis_sodalis",25,1,0.0347621062592123,0.116505569071437,-0.133538908370218,0.204119982655925,-0.1249387366083,-0.0969100130080567,0.23257261500813,-0.23257261500813,0.110857441906393,0.110857441906392,0.110857441906393,0.110857441906392,0.110857441906393,0,0,0.0963031735606199,0.0963031735606199,0.0954792682989769,0.0954792682989773,0.0484550065040281,0.0484550065040281,NA,NA,NA,NA,NA,NA,NA,NA,NA,NA,NA,NA,NA,NA,NA,NA,NA,NA,NA,NA,NA,NA,NA,NA
"Napaeozapus_insignis","Napaeozapus_insignis",53,1,0.0444971431342624,0.0416602978833775,0.0328920013825497,0.0220122701978223,0.0102317729095053,-0.00369817088952934,0.00586330384652456,-0.0288659026205645,-0.0591501629419945,-0.080007042222508,-0.0874054585124024,-0.0780624395614853,-0.0522919291268209,-0.0165757240344959,0.0194186146691234,0.0498302370890489,0.0759858508212722,0.102204421349677,0.129966495289391,0.157697002727403,0.177832279910796,0.186400393739426,0.186559954651767,0.184182597394254,0.18275225486006,NA,NA,NA,NA,NA,NA,NA,NA,NA,NA,NA,NA,NA,NA,NA,NA,NA,NA,NA,NA
"Neotoma_albigula","Neotoma_albigula",10,1,NA,NA,NA,NA,NA,NA,NA,NA,0.0296418715524033,0.120036809615387,0.183958501143336,0.116409262474863,-0.0470887614458041,-0.152982568109719,-0.078804215946917,0.136084375106655,0.315205697868371,NA,NA,NA,NA,NA,NA,NA,NA,NA,NA,NA,NA,NA,NA,NA,NA,NA,NA,NA,NA,NA,NA,NA,NA,NA,NA,NA,NA
"Neotoma_fuscipes","Neotoma_fuscipes",6,1,NA,NA,NA,NA,NA,NA,NA,NA,NA,NA,NA,NA,NA,NA,NA,NA,NA,NA,NA,NA,NA,NA,NA,NA,NA,NA,NA,NA,NA,NA,NA,NA,NA,-0.153946678276038,NA,NA,NA,NA,NA,NA,NA,NA,NA,NA,NA
"Neotoma_magister","Neotoma_magister",13,1,NA,NA,NA,NA,NA,NA,NA,NA,NA,NA,NA,NA,NA,NA,NA,NA,NA,0.0256294347401189,0.0256184598124675,0.0256351705553366,0.0257327643633769,0.0259284106679485,0.0262422841125041,0.0266716707808959,0.0272145019859205,0.027851965430525,0.0284912963816498,0.0290436203628535,0.0294914218292892,0.0298338991317287,0.0300704410275124,0.0302144198912006,0.0302876177651344,0.030313997723896,NA,NA,NA,NA,NA,NA,NA,NA,NA,NA,NA
"Neovison_vison","Neovison_vison",9,1,-0.0277067457167919,0.236697870655275,-1,0,0,NA,NA,NA,NA,NA,NA,NA,NA,NA,NA,NA,NA,NA,NA,NA,NA,NA,NA,NA,NA,NA,NA,NA,NA,NA,NA,NA,NA,NA,NA,NA,NA,NA,NA,NA,NA,NA,NA,NA,NA
"Ochotona_collaris","Ochotona_collaris",27,1,NA,NA,NA,NA,NA,NA,NA,NA,NA,NA,NA,NA,NA,NA,NA,NA,NA,NA,NA,NA,NA,NA,NA,NA,NA,-0.039833797271956,-0.0427083624856883,-0.0460465739883289,-0.0458219186058169,-0.0390239306878663,-0.0255464954004518,-0.00822859996372172,0.00855764515043591,0.0206840752535194,0.0255575570778937,0.022844614281909,0.0396229707537904,0.0215006138830211,0.0103709481276592,NA,NA,NA,NA,NA,NA
"Odocoileus_hemionus","Odocoileus_hemionus",128,1,NA,NA,NA,NA,NA,NA,NA,NA,NA,NA,NA,NA,NA,NA,NA,NA,NA,-0.0842000190379945,-0.0593038122758572,-0.019548168028629,0.0120434551967223,0.00943438564584875,-0.0391268223079139,-0.115418323749047,-0.0204166992902503,-0.0198836840960262,-0.0136822506351111,-0.0299572617737208,-0.0210921955492383,-0.0266722316062109,0.0100610280025558,-0.000794045055029577,0.0144071536280052,0.0172897896867486,0.0121956547447048,-0.00520653079124876,-0.011682623568961,-0.00538988824804506,0.00334810760506523,0.00108577295051358,-0.00496094611721788,-0.0164546697753327,-0.0164546697752528,-0.016454669775201,NA
"Odocoileus_virginianus","Odocoileus_virginianus",360,1,-0.0427757089645446,-0.0208761811329961,0.0103858982347083,0.0330538552550168,0.0428165374036062,0.00787967895756551,0.0790393207599001,0.0346667467492076,-0.00322390209140955,0.0420102472716422,0.0823035733480947,0.0299740392127864,0.0629691265937054,0.0150079612678046,-0.0205876487824971,-0.0439440407280428,0.00152221337294728,0.0181503982589083,0.0159054918427613,0.0151867850542039,0.0156977593436903,0.0191719248191951,0.0208136270948869,0.01625764877886,0.0110565718349139,0.0247420664888066,-0.0216211976865854,0.0220915737299737,0.0192641157131533,0.0161709766805903,0.00171362271550681,0.00482329365258846,0.00974835496199718,0.0208767847321787,0.0185694243590622,0.0160396721115556,0.021139968915777,0.022121837701789,0.00856625926268881,0.00536410009666998,0.00280938924590096,-0.000944149088224544,0.012662962671109,0.0108465070439937,NA
"Onychomys_leucogaster","Onychomys_leucogaster",10,1,NA,NA,NA,NA,NA,NA,NA,NA,0.0133370514193235,0.0133370514194471,0.0133370514196577,0.0133370514198735,0.0133370514200259,0.0133370514200956,0.0133370514201087,0.0133370514201024,0.0133370514200988,NA,NA,NA,NA,NA,NA,NA,NA,NA,NA,NA,NA,NA,NA,NA,NA,NA,NA,NA,NA,NA,NA,NA,NA,NA,NA,NA,NA
"Onychomys_torridus","Onychomys_torridus",10,1,NA,NA,NA,NA,NA,NA,NA,NA,0.0173325970818677,0.0148876939680936,0.00863304495281303,-0.001409712499581,-0.0128840616495001,-0.0222687360251834,-0.0271701238786592,-0.0279482342530767,-0.0271744617777412,NA,NA,NA,NA,NA,NA,NA,NA,NA,NA,NA,NA,NA,NA,NA,NA,NA,NA,NA,NA,NA,NA,NA,NA,NA,NA,NA,NA
"Oreamnos_americanus","Oreamnos_americanus",27,1,NA,NA,NA,NA,NA,NA,NA,NA,NA,NA,NA,NA,NA,NA,NA,NA,NA,NA,NA,-0.0186473518283685,-0.00493633266706439,0.0198626112395557,0.0385433821413288,0.0325487294165878,0.0090822638441268,-0.00198724867173494,0.013156012096776,0.0326839699715586,0.0309985020245613,0.0150334966084933,0.010064246773589,0.0198509166485121,0.0242342316944155,0.0137411117717146,0.00277693394448741,0.00309512663993727,0.00428075521535565,-0.00902644989926671,-0.0351657827398064,-0.0617397928302448,-0.0819210308071785,-0.0928975890865213,-0.0889566750157371,-0.0707067367722967,-0.053748823173275
"Ovibos_moschatus","Ovibos_moschatus",107,1,-0.0190007548600977,-0.0190007548600981,0.0269034040569475,-0.245759466809797,0.0464197448165203,0.04641974481652,0.0464197448165202,0.0472044280218854,0.0472044280218854,0.0472044280218852,-0.0681479355620965,-0.0469834508071702,0.0178278719983528,0.105647997795787,0.105647997795786,0.0550444808411948,0.0521843579617646,0.0276383925256019,0.0249725992525039,0.0235606127814271,0.0286203481409575,0.0257572539379137,0.0226469944623577,0.0549093092087968,-0.0583907862229905,-0.103834639913077,-0.143449485233741,-0.0268267175134132,0.0175931349560798,0.0251832018715229,0.0239656531546647,-0.0100129834244119,0.000256054683591822,0.0106799165820802,0.0139956940886917,0.00421391271661351,-0.00313713913098743,-0.0219312625198632,-0.0219312625198628,-0.0219312625198633,-0.0666323280746742,-0.0666323280746749,-0.104400743687428,-0.104400743687428,NA
"Ovis_canadensis","Ovis_canadensis",126,1,0.00218465155537636,0.00218465155537621,0.00218465155537636,0.00218465155537636,0.00218465155537621,0.019237202517363,0.0196328031967891,0.015426261265224,0.0158088089327255,0.0163362440690341,0.0193315181289102,0.0197075649059513,0.0212286193976116,0.0239718050931986,0.0241380787361033,0.0157621571662279,0.0174027115746595,0.0199801059826824,0.0216304604526768,0.0215236001067407,0.0206396087607476,0.0173226836638463,0.0141844627608531,0.0130289065068094,0.0140474835076326,0.0239321704404655,-0.00788579413790791,-0.0279315420778595,-0.109433408346424,-0.0258529360482826,-0.0358481981443093,-0.0529563820317491,-0.0308442563789707,0.0216482075890069,0.0459625400233553,0.0460637807470591,0.00705957926663769,-0.0137087689697685,-0.0142564952652838,-0.00944937647307165,0.00236996624467389,-0.0144371577374838,-0.023323864178147,-0.022957442165549,-0.0195804516314988
"Ovis_dalli","Ovis_dalli",97,1,NA,NA,NA,NA,NA,NA,NA,-0.0221607371785488,0.0553033970347514,0.0518288541157558,-0.00121899318750118,-0.0505180375335094,0.0601059861320351,-0.0299954493841291,-0.0544816022717116,0.0281322634078277,0.0252065246421306,-0.00709608013078791,0.0217099693311233,0.0225227588498196,0.0102668860681611,0.0111922136250514,0.0117690209456862,0.0117288118858533,0.0114432044440244,0.0114492806880662,0.00593082602074597,-0.0194197639376524,-0.0206537891483629,-0.0350488212831504,-0.0377922832222967,-0.0146408558194644,-0.0356066934830801,-0.0191451693949164,0.000548889417202636,0.00790115016681652,0.00931693661070456,-0.00535636256533527,-0.00957921497172816,-0.0142243629224573,-0.0177985832158603,-0.0142267035704013,-0.00698675401612148,0.0029456898118585,0.0319510116378003
"Pekania_pennanti","Pekania_pennanti",22,1,NA,NA,NA,NA,NA,NA,NA,NA,NA,NA,NA,NA,NA,NA,NA,NA,NA,NA,NA,NA,NA,NA,NA,NA,NA,0.0703367061663778,0.070336706167303,0.0703367061687439,0.0703367061699194,0.0703367061702411,0.0703367061696809,0.0703367061686864,0.0703367061678133,0.0703367061673807,NA,NA,NA,NA,NA,-0.00994344908339417,0.0286505612135756,0.0897784141044755,NA,NA,NA
"Perognathus_flavus","Perognathus_flavus",10,1,NA,NA,NA,NA,NA,NA,NA,NA,-0.0181861957785909,0.227907109310081,0.356281644421184,0.0601596656367178,-0.515827536075789,-0.865906641902504,-0.606211499928849,0.114214215421439,0.708268304922487,NA,NA,NA,NA,NA,NA,NA,NA,NA,NA,NA,NA,NA,NA,NA,NA,NA,NA,NA,NA,NA,NA,NA,NA,NA,NA,NA,NA
"Perognathus_parvus","Perognathus_parvus",12,1,NA,NA,NA,NA,NA,NA,NA,NA,NA,NA,NA,NA,NA,NA,NA,NA,NA,NA,NA,NA,NA,NA,NA,NA,NA,NA,NA,NA,NA,0.348811162380993,0.00790574102485542,-0.275946727775036,NA,NA,NA,NA,NA,NA,NA,NA,NA,NA,NA,NA,NA
"Peromyscus_eremicus","Peromyscus_eremicus",10,1,NA,NA,NA,NA,NA,NA,NA,NA,0.0912803099436832,0.0912803099434233,0.0912803099428743,0.0912803099422065,0.0912803099417654,0.0912803099418557,0.0912803099424956,0.0912803099433402,0.0912803099438984,NA,NA,NA,NA,NA,NA,NA,NA,NA,NA,NA,NA,NA,NA,NA,NA,NA,NA,NA,NA,NA,NA,NA,NA,NA,NA,NA,NA
"Peromyscus_keeni","Peromyscus_keeni",11,1,NA,NA,NA,NA,NA,NA,NA,NA,NA,NA,NA,NA,NA,NA,NA,NA,NA,NA,NA,NA,NA,NA,NA,NA,NA,NA,NA,NA,-0.248879375039165,-0.237969252225575,NA,NA,NA,NA,NA,NA,NA,NA,NA,NA,NA,NA,NA,NA,NA
"Peromyscus_maniculatus","Peromyscus_maniculatus",261,1,NA,NA,-0.00735971131828128,-0.330846492834398,0.124236767804407,-0.00792391077155062,0.0153536799690583,0.00910075545542344,0.0667834795293625,0.0472614337544104,0.0578788742991286,0.0102371603165473,0.00243673816989186,0.0875487666975307,0.0227485026381653,-0.00717162686515165,-0.0411274203774773,-0.283130449716427,-0.123217911878153,-0.0994524507235018,-0.0528582485030664,-0.0183493962747667,-0.00576830811904257,0.0313007025292334,-0.048667674065417,0.0278288889932092,-0.0656528440428228,0.0977998815231681,0.0364288240376544,0.0384223336312056,0.0371446481214811,0.0401482615852951,0.0710788477663921,0.23456822189241,-0.00975463272535134,0.00591770903706403,-0.00330208997655017,0.0282116805954834,-0.0815337140763207,-0.0801559670690542,-0.0142881482597533,0.00290888240474815,0.0110444242143109,-0.0314161941076119,NA
"Peromyscus_pseudocrinitus","Peromyscus_pseudocrinitus",2,1,NA,NA,NA,NA,NA,NA,NA,NA,NA,NA,NA,NA,NA,NA,NA,NA,NA,NA,NA,NA,NA,NA,NA,NA,NA,NA,NA,NA,NA,-0.0234982813381117,-0.0234982813381117,NA,NA,NA,NA,NA,NA,NA,NA,NA,NA,NA,NA,NA,NA
"Phenacomys_intermedius","Phenacomys_intermedius",13,1,NA,NA,NA,-0.024823583725032,-0.628388930050311,0.0969100130080562,-0.221848749616356,NA,NA,NA,NA,NA,NA,NA,NA,NA,NA,NA,NA,NA,NA,NA,NA,NA,NA,0.101535131076032,0.253222975665282,NA,NA,-0.0550475663309055,-0.337752802688721,0.380565912602615,-0.470087991988459,NA,NA,NA,NA,NA,NA,NA,NA,NA,NA,NA,NA
"Pipistrellus_subflavus","Pipistrellus_subflavus",5,1,NA,NA,NA,NA,NA,NA,NA,0.0207947561746981,0.020794756174698,0.020794756174698,0.020794756174698,0.0207947561746981,0.020794756174698,0.0207947561746981,0.020794756174698,0.020794756174698,0.0207947561746981,0.020794756174698,0.0207947561746981,0.0207947561746979,0.0207947561746981,0.0207947561746982,0.020794756174698,0.020794756174698,0.0207947561746981,0.0207947561746981,0.020794756174698,0.0207947561746981,0.0207947561746981,0.0207947561746981,0.020794756174698,0.0207947561746981,0.0207947561746979,0.0207947561746982,0.0207947561746981,0.0207947561746981,0.0207947561746981,0.0207947561746979,0.0207947561746981,0.0207947561746981,0.0726016743551183,0.0726016743551184,-0.538320790447388,-1,NA
"Procyon_lotor","Procyon_lotor",104,1,NA,NA,NA,NA,NA,NA,NA,NA,NA,NA,NA,NA,NA,NA,NA,NA,0.0416815181403546,0.0342922805495638,0.0178836707119505,-0.00380435940709761,-0.0213846813486793,-0.0255217301484736,-0.014134357007026,0.00468864226908059,0.0110285954730761,-0.0266681099290941,0.0104446151155946,0.0381133379849301,0.0454947892436507,0.0389977876354454,0.0312779383059629,0.0271250140529122,0.0206056639910155,0.00415540747396048,-0.0214693864572142,-0.0464648647252186,-0.0605007886831893,NA,NA,NA,NA,NA,NA,NA,NA
"Puma_concolor","Puma_concolor",33,1,NA,NA,0.0158421350713169,0.0158421350713169,0.0158421350713169,0.0158421350713169,0.0158421350713169,0.0158421350713169,0.0158421350713169,0.0158421350713169,0.0158421350713169,0.0158421350713169,0.0158421350713169,0.0158421350713169,0.0158421350713169,0.0158421350713169,0.0158421350713169,0.00594423646718636,0.00594423646718636,0.00594423646718639,0.0158421350713169,0.0158421350713169,0.0158421350713169,0.0158421350713165,0.0158421350713174,0.0158421350713165,NA,NA,NA,NA,NA,-0.301029995663981,0.0258300861981809,0.131984224549765,-0.130633385258806,-0.0606978403536117,0.0285131569822105,NA,NA,NA,NA,NA,NA,NA,NA
"Rangifer_tarandus","Rangifer_tarandus",647,1,-0.0233281806030738,-0.0243240531320516,-0.000718187152765435,-0.123591830633376,-0.00471050803803574,-0.000902785807984024,0.00254783915654833,0.00457615939653394,0.0149933401158257,0.0232915838596317,0.035808462886741,0.0360255063155214,0.0541896523657269,0.0454283342678442,0.0155789575704361,0.0128168403439304,0.0149174916787851,0.00733195319841491,0.0118888349563905,0.0109962418374234,0.0118998979532807,0.00957223135885782,0.0018421361876415,-0.00544232923619149,-0.0238551208615406,-0.0328019915899393,-0.0369649640749531,-0.0307350611077779,-0.0131447974654943,-0.00766482820134423,-0.0270372731574742,-0.0326985719353405,-0.0235870314548917,-0.0257319295820107,-0.0164944280594745,-0.0210931659307552,-0.0130713372809657,-0.0390310565012976,-0.0291720028602895,-0.0124543753076779,-0.0275415426087628,-0.0287641597666735,-0.0348966833096171,-0.0343850530528858,-0.0086478171309361
"Reithrodontomys_megalotis","Reithrodontomys_megalotis",18,1,NA,NA,NA,NA,NA,NA,NA,NA,0.300691172039732,0.282441001161611,0.229638977118901,0.144184728409705,0.0588523690192131,0.017937620380004,0.0417670537005752,0.105372982040397,0.15553818431718,NA,NA,NA,NA,NA,NA,NA,NA,NA,NA,NA,NA,0.489936273079032,-0.00201374464152176,-0.184283630273949,NA,NA,NA,NA,NA,NA,NA,NA,NA,NA,NA,NA,NA
"Scapanus_orarius","Scapanus_orarius",4,1,NA,NA,NA,NA,NA,NA,NA,NA,NA,NA,NA,NA,NA,NA,NA,NA,NA,NA,NA,NA,NA,NA,NA,NA,NA,NA,NA,-1,0,1,NA,NA,NA,NA,NA,NA,NA,NA,NA,NA,NA,NA,NA,NA,NA
"Sorex_bendirri","Sorex_bendirri",5,1,NA,NA,NA,NA,NA,NA,NA,NA,NA,NA,NA,NA,NA,NA,NA,NA,NA,NA,NA,NA,NA,NA,NA,NA,NA,NA,NA,1,-0.297809008227896,-1,0,NA,NA,NA,NA,NA,NA,NA,NA,NA,NA,NA,NA,NA,NA
"Sorex_cinereus","Sorex_cinereus",55,1,-0.0107725125879104,-0.0089110807490273,-0.00699406946808982,-0.00506177430218837,-0.00312917678633455,-0.00116895045286544,0.000808443999470367,0.00269046689586415,0.00431247584054507,0.00556403060636692,0.00643419833047974,0.503489046019675,0.503633827455172,-0.496320405712926,0.00727683113868781,0.00703278618835575,0.00668566865865752,0.00636261521604302,0.00618221925143354,0.00615277606607861,0.00620146137092074,0.00627174685470121,0.00636721210937269,0.00648621041986359,0.00657227462695271,0.238763607266086,-0.516799111592967,NA,NA,0.122376314161737,-0.102743159593284,-0.432627367753572,-1,NA,NA,NA,NA,NA,NA,NA,NA,NA,NA,NA,NA
"Sorex_monticolus","Sorex_monticolus",38,1,NA,NA,NA,NA,NA,NA,NA,NA,NA,NA,NA,NA,NA,NA,NA,NA,NA,NA,NA,NA,NA,NA,NA,0.00396247077297441,0.0037995181012049,0.0415209983739004,-0.0509745385687737,-0.018713407391618,-0.0796987787153163,0.0972141808181044,-0.19030179936915,-0.0292003655331782,-1,NA,NA,NA,NA,NA,NA,NA,NA,NA,NA,NA,NA
"Sorex_trowbridgii","Sorex_trowbridgii",5,1,NA,NA,NA,NA,NA,NA,NA,NA,NA,NA,NA,NA,NA,NA,NA,NA,NA,NA,NA,NA,NA,NA,NA,NA,NA,NA,NA,0.176091259055681,-1,1,-0.301029995663981,NA,NA,NA,NA,NA,NA,NA,NA,NA,NA,NA,NA,NA,NA
"Sorex_vagrans","Sorex_vagrans",12,1,NA,NA,NA,NA,NA,NA,NA,NA,NA,NA,NA,NA,NA,NA,NA,NA,NA,NA,NA,NA,NA,NA,NA,NA,NA,NA,NA,0.349341734354826,-0.472584877489817,-0.469651079823194,0.319136081991204,0.301029995663981,-0.0705810742857073,0.246672333341389,0.1249387366083,NA,NA,NA,NA,NA,NA,NA,NA,NA,NA
"Spermophilus_beecheyi","Spermophilus_beecheyi",6,1,NA,NA,NA,NA,NA,NA,NA,NA,NA,NA,NA,NA,NA,NA,NA,NA,NA,NA,NA,NA,NA,NA,NA,NA,NA,NA,NA,NA,NA,NA,NA,NA,NA,-0.479514116262037,NA,NA,NA,NA,NA,NA,NA,NA,NA,NA,NA
"Spermophilus_columbianus","Spermophilus_columbianus",9,1,NA,NA,NA,NA,NA,NA,NA,NA,NA,0.0823263053586301,0.0716682969314582,0.0501849100594569,0.0207612488343352,-0.0117005749676056,-0.0416407619068915,-0.0638181017862962,-0.0749251817354943,NA,NA,NA,NA,NA,NA,NA,NA,NA,NA,NA,NA,NA,NA,NA,NA,NA,NA,NA,NA,NA,NA,NA,NA,NA,NA,NA,NA
"Spermophilus_franklinii","Spermophilus_franklinii",32,1,0.119773408417663,0.00046377936947628,-0.0852074808588607,-0.15048381946029,-0.18937312021487,NA,NA,NA,NA,NA,NA,NA,NA,NA,NA,NA,NA,NA,NA,NA,NA,NA,NA,NA,NA,NA,NA,NA,NA,NA,NA,NA,NA,NA,NA,NA,NA,NA,NA,NA,NA,NA,NA,NA,NA
"Spermophilus_lateralis","Spermophilus_lateralis",4,1,NA,NA,NA,NA,NA,NA,NA,NA,NA,NA,NA,NA,NA,NA,NA,NA,NA,NA,NA,NA,NA,NA,NA,NA,NA,NA,NA,NA,NA,NA,NA,NA,NA,0.557687569965063,NA,NA,NA,NA,NA,NA,NA,NA,NA,NA,NA
"Spermophilus_parryii","Spermophilus_parryii",65,1,NA,NA,NA,NA,NA,NA,NA,NA,NA,NA,NA,NA,NA,NA,NA,NA,NA,NA,NA,NA,-0.198953329918199,-0.135942427553078,-0.0351851753081258,0.0614711242248734,0.125362679894696,0.134341009026991,0.0603991110634822,-0.0982997551023521,-0.27295954069007,-0.348504363800699,-0.262998119027418,-0.0777948915293821,0.0732612046982306,0.108385195958829,0.0570638013896291,-0.0332426585094946,-0.119582979780209,-0.187595909526732,-0.236904642909417,-0.253808684330335,-0.226106836216087,-0.174602145514527,-0.14578733785332,-0.284133872010255,NA
"Spermophilus_tridecemlineatus","Spermophilus_tridecemlineatus",21,1,-0.0459721119202945,-0.136467862474842,-0.196871612737376,-0.217318508558613,-0.216321040901131,NA,NA,NA,NA,NA,NA,NA,NA,NA,NA,NA,NA,NA,NA,NA,NA,NA,NA,NA,NA,NA,NA,NA,NA,NA,NA,NA,NA,NA,NA,NA,NA,NA,NA,NA,NA,NA,NA,NA,NA
"Sylvilagus_nuttallii","Sylvilagus_nuttallii",3,1,NA,NA,NA,NA,NA,NA,NA,NA,NA,NA,NA,NA,NA,NA,-0.204119982655925,0,NA,NA,NA,NA,NA,NA,NA,NA,NA,NA,NA,NA,NA,NA,NA,NA,NA,NA,NA,NA,NA,NA,NA,NA,NA,NA,NA,NA,NA
"Synaptomys_borealis","Synaptomys_borealis",13,1,NA,0,-1,0,NA,NA,NA,NA,NA,NA,NA,NA,NA,NA,NA,NA,NA,NA,NA,NA,NA,NA,NA,0,0,-1,0,0,0,0,0,0,0,0,0,0,0,0,0,0,0,0,0,0,NA
"Tamias_amoenus","Tamias_amoenus",33,1,NA,NA,NA,NA,NA,NA,NA,NA,NA,NA,NA,NA,NA,NA,NA,NA,NA,NA,NA,NA,NA,NA,NA,0.213749277796444,0.173634230744232,0.232798934885673,-0.162320653688333,0.107758408057808,-0.101457751232179,-0.0185787792312273,0.0326081961948139,0.0451810872746587,-0.170288771252863,NA,NA,NA,NA,NA,NA,NA,NA,NA,NA,NA,NA
"Tamias_minimus","Tamias_minimus",21,1,-0.0959700011501521,-0.703127759357077,-0.748343405987596,-0.0950825007165542,0.565113299609074,NA,NA,NA,NA,NA,NA,NA,NA,NA,NA,NA,NA,NA,NA,NA,NA,NA,NA,NA,NA,NA,NA,NA,NA,NA,NA,NA,NA,NA,NA,NA,NA,NA,NA,NA,NA,NA,NA,NA,NA
"Tamias_quadrimaculatus","Tamias_quadrimaculatus",6,1,NA,NA,NA,NA,NA,NA,NA,NA,NA,NA,NA,NA,NA,NA,NA,NA,NA,NA,NA,NA,NA,NA,NA,NA,NA,NA,NA,NA,NA,NA,NA,NA,NA,0.26000230742811,NA,NA,NA,NA,NA,NA,NA,NA,NA,NA,NA
"Tamias_senex","Tamias_senex",6,1,NA,NA,NA,NA,NA,NA,NA,NA,NA,NA,NA,NA,NA,NA,NA,NA,NA,NA,NA,NA,NA,NA,NA,NA,NA,NA,NA,NA,NA,NA,NA,NA,NA,0.164766013077837,NA,NA,NA,NA,NA,NA,NA,NA,NA,NA,NA
"Tamias_striatus","Tamias_striatus",83,1,-0.14051147592717,-0.151731223414501,-0.0878323449898206,0.0438562889270844,0.185031710155394,0.405575030478672,0.0536411857606545,0.0634613786304543,0.0653688220286501,0.0592150617703331,0.0520739502126226,0.0488898313613086,0.0437844965018239,0.0274259535317847,0.00207187783905849,-0.0170657851627214,-0.017648985257916,-0.00386190682963683,0.0104383491300162,0.0216064261094402,0.0287393381201364,0.0344675358173643,0.0402422925013715,0.0446971360412889,0.0466723244984897,NA,NA,NA,NA,NA,NA,NA,0.762257824154039,-0.379766094483268,NA,NA,NA,NA,NA,NA,NA,NA,NA,NA,NA
"Tamiasciurus_douglasii","Tamiasciurus_douglasii",7,1,NA,NA,NA,NA,NA,NA,NA,NA,NA,NA,NA,NA,NA,NA,NA,NA,NA,NA,NA,NA,NA,NA,NA,NA,NA,NA,NA,-0.0689421063009716,-0.407240712685953,NA,NA,NA,NA,NA,NA,NA,NA,NA,NA,NA,NA,NA,NA,NA,NA
"Tamiasciurus_hudsonicus","Tamiasciurus_hudsonicus",153,1,-0.0394118305892154,-0.0501557051481237,-0.0410264860271223,-0.031758330939045,-0.0248413612207068,-0.0342860054601702,-0.0342860054602539,-0.0342860054603761,-0.0342860054605047,-0.0342860054606116,-0.0342860054606795,-0.134907226184129,-0.238991752346717,0.236934741499443,-0.0342860054607906,-0.0342860054608432,-0.100543211584521,-0.0306269450264411,-0.0128746821880492,0.00151579959149106,-0.00740831888406616,0.0158948205698605,0.0397542293453427,0.0372686839720245,0.00676422948700854,0.000309159065174776,0.0451612847757838,0.039875674645636,0.0207815180333127,-0.041462353368651,-0.0604276905899522,-0.0758839371466888,-0.0148256995500604,0.0206889264407762,0.0327173339506694,0.0221760744064891,0.0311757869280021,-0.0128799543649945,-0.0779883625812504,-0.0781152881524549,0.0134769761251057,0.109514814202167,0.0382559664325037,0.0186195131792553,-0.002123526046649
"Taxidea_taxus","Taxidea_taxus",19,1,NA,NA,NA,NA,NA,NA,NA,NA,NA,NA,NA,NA,NA,NA,NA,NA,NA,-0.266661094032719,0.0362121726544447,0,0.146128035678238,0.0579919469776868,-0.0280287236002436,-0.0969100130080564,0.00717858462712342,0.089731428380933,-0.0688812894078129,0.00673338265896839,0.0621479067488445,0.0791812460476248,-0.134698573897456,-0.0791812460476248,-0.0413926851582251,0.12057393120585,-0.0413926851582251,NA,NA,NA,NA,NA,NA,NA,NA,NA,NA
"Urocyon_cinereoargenteus","Urocyon_cinereoargenteus",19,1,NA,NA,NA,NA,NA,NA,NA,NA,NA,NA,NA,NA,NA,NA,NA,NA,NA,-0.00475009183501024,-0.00475009183492553,-0.0047500918348054,-0.00475009183469988,-0.00475009183460434,-0.00475009183449976,-0.00475009183440694,-0.00475009183434655,-0.00475009183427716,-0.00475009183412367,-0.00475009183387254,-0.00475009183359582,-0.00475009183337194,-0.00475009183321629,-0.00475009183310665,-0.00475009183303488,-0.00475009183300479,-0.00475009183300168,NA,NA,NA,NA,NA,NA,NA,NA,NA,NA
"Ursus_americanus","Ursus_americanus",71,1,0.0662898735411792,0.0884077049547065,0.0719880684057785,0.0260498550378365,-0.0244588845977605,-0.0585754434823573,-0.0719338564029615,NA,NA,NA,NA,NA,NA,NA,NA,NA,NA,-0.00178068788335273,0.00077958316067691,0.00440381284156743,0.10312820427177,0.107589898403521,0.0928596936834886,0.0686633456001126,0.0399302563402223,0.0107549021199778,-0.0118225148794591,-0.0224091084799215,-0.0227412164766069,-0.0190682686740404,-0.0149707573297475,-0.00913068484636237,0.000256760777414766,0.0110813027833672,0.0182280757064827,NA,0.0580894852304468,0.114243021568753,0.0172351477588517,-0.0114030618100127,-0.0711089663719692,0.10845122579108,-0.184675842653249,-0.0220918857790946,NA
"Ursus_arctos","Ursus_arctos",79,1,NA,NA,NA,-0.0750869667505275,-0.046919103338151,-0.00790490188104967,0.0176766855720732,0.0202540122106511,0.0105892392012114,0.00613599279397861,0.0134906286055568,0.0238157682358308,-0.0726022698955628,-0.0260012322438483,0.0247717607018102,0.0343781137421719,0.00722288442559193,0.0168661562319869,0.0203355970341211,0.0261843806972984,0.0582005424847658,0.0204736078474032,-0.00263166122499429,0.0235966305045611,0.0101271500724063,0.0101271500724063,0.0101271500724063,0.0101271500724063,-0.369484280722482,0.154101994263225,0.0382705199819471,-0.170917198402644,-0.0169547694712713,-0.0169547694712713,-0.0169547694712713,-0.0169547694712713,-0.0494415853953029,-0.0494415853953031,-0.0169547694712713,-0.0169547694712713,-0.0169547694712708,-0.0169547694712713,NA,NA,NA
"Vulpes_lagopus","Vulpes_lagopus",70,1,NA,NA,NA,NA,NA,NA,NA,NA,NA,NA,NA,NA,NA,NA,NA,NA,NA,NA,-0.0232796524833654,-0.0241520027994011,-0.024903086807752,-0.0245051416767488,-0.0229164330927534,0.00723422509572189,0.00908902654596805,0.0484303744709502,0.231478916610377,0.0172159441991948,0.0729921221069402,0.0673589296018593,0.215384034950796,-0.0539824002886202,0.00872906592991436,-0.102208235662294,0.0559014529691337,0.0562498814920402,0.0574682251154555,0.0455657942686685,0.0466789379141754,NA,NA,NA,NA,NA,NA
"Vulpes_velox","Vulpes_velox",8,1,NA,NA,NA,NA,NA,NA,NA,NA,NA,NA,NA,NA,NA,NA,NA,NA,NA,NA,NA,NA,-0.0467716608392861,-0.0570522105294956,-0.0570522105294958,0.0518326062462037,0.0956494725920845,0.0956494725920847,NA,NA,NA,NA,NA,NA,NA,NA,NA,NA,NA,NA,NA,NA,NA,NA,NA,NA,NA
"Vulpes_vulpes","Vulpes_vulpes",236,1,-0.0119574567927793,-0.0139729004195476,-0.0170453501137186,-0.0178182022357107,-0.0173835079309707,-0.015712919145958,-0.0131316497866608,-0.0101481579012868,-0.00726511390370818,-0.00480578108367871,-0.00283244018438384,-0.00125277518511343,9.94734983755907e-05,0.00124551085084211,0.00216708157396289,0.00284729266151087,0.0990267017966843,0.0712733729869459,0.0246062569492768,-0.00119169684083147,0.000234251784359979,0.0122799161841438,0.0142093687750222,0.000936385357556852,-0.0200330128552281,0.0103782019640843,0.00449854072208533,-0.0129094431349913,-0.00560700101853617,-0.0116550500622511,-0.0290353071100173,-0.0411993141380025,-0.0433968855145505,-0.0432567030319894,-0.044191133374443,NA,NA,NA,NA,NA,NA,NA,NA,NA,NA
"Zapus_hudsonius","Zapus_hudsonius",17,1,NA,NA,NA,NA,NA,NA,NA,NA,0.215681882079494,0.287337095419165,-0.318411048793587,NA,NA,NA,NA,NA,NA,NA,NA,NA,NA,NA,NA,0,1,-1,1,0.940369128553648,-1,0,0,0,0,0,0,0,0,0,0,0,0,0,0,0,NA
"Zapus_princeps","Zapus_princeps",3,1,NA,NA,NA,NA,NA,NA,NA,NA,NA,NA,NA,NA,NA,NA,NA,NA,NA,NA,NA,NA,NA,NA,NA,NA,NA,0.42189846366098,0.229147988357856,NA,NA,NA,NA,NA,NA,NA,NA,NA,NA,NA,NA,NA,NA,NA,NA,NA,NA
"Zapus_trinotatus","Zapus_trinotatus",4,1,NA,NA,NA,NA,NA,NA,NA,NA,NA,NA,NA,NA,NA,NA,NA,NA,NA,NA,NA,NA,NA,NA,NA,NA,NA,NA,NA,-0.367976785294594,0,0.321233381752268,NA,NA,NA,NA,NA,NA,NA,NA,NA,NA,NA,NA,NA,NA,NA
